-- ============================================================
  -- lilluucore — Полный дамп базы данных (SQL)
  -- Дата: 2026-05-05T16:56:55.800Z
  -- PostgreSQL
  -- ============================================================

  SET client_encoding = 'UTF8';
  SET standard_conforming_strings = on;
  SET check_function_bodies = false;
  SET client_min_messages = warning;
  SET row_security = off;

  -- ============================================================
  -- DDL: Создание таблиц
  -- ============================================================

  CREATE TABLE IF NOT EXISTS users (
      id character varying NOT NULL,
      email text NOT NULL,
      password_hash text NOT NULL,
      first_name text NOT NULL,
      last_name text NOT NULL,
      plan text NOT NULL DEFAULT 'free',
      role text NOT NULL DEFAULT 'user',
      created_at timestamp without time zone NOT NULL DEFAULT now(),
      CONSTRAINT users_pkey PRIMARY KEY (id),
      CONSTRAINT users_email_unique UNIQUE (email)
  );

  CREATE TABLE IF NOT EXISTS user_settings (
      user_id character varying NOT NULL,
      theme text NOT NULL DEFAULT 'dark',
      notifications boolean NOT NULL DEFAULT true,
      email_notifications boolean NOT NULL DEFAULT true,
      avatar_url text,
      db_access_locked boolean NOT NULL DEFAULT false,
      db_lock_reason text,
      seo_settings text NOT NULL DEFAULT '{}',
      updated_at timestamp without time zone NOT NULL DEFAULT now(),
      CONSTRAINT user_settings_pkey PRIMARY KEY (user_id),
      CONSTRAINT user_settings_user_id_users_id_fk FOREIGN KEY (user_id) REFERENCES users(id) ON DELETE CASCADE
  );

  CREATE TABLE IF NOT EXISTS sites (
      id character varying NOT NULL,
      user_id character varying NOT NULL,
      name text NOT NULL,
      subdomain text NOT NULL,
      business_type text NOT NULL,
      status text NOT NULL DEFAULT 'DRAFT',
      published_url text,
      global_styles text NOT NULL DEFAULT '{}',
      frozen boolean NOT NULL DEFAULT false,
      frozen_reason text,
      frozen_by character varying,
      frozen_at timestamp without time zone,
      created_at timestamp without time zone NOT NULL DEFAULT now(),
      updated_at timestamp without time zone NOT NULL DEFAULT now(),
      CONSTRAINT sites_pkey PRIMARY KEY (id),
      CONSTRAINT sites_subdomain_unique UNIQUE (subdomain),
      CONSTRAINT sites_user_id_users_id_fk FOREIGN KEY (user_id) REFERENCES users(id) ON DELETE CASCADE
  );

  CREATE TABLE IF NOT EXISTS pages (
      id character varying NOT NULL,
      site_id character varying NOT NULL,
      name text NOT NULL,
      slug text NOT NULL,
      position integer NOT NULL DEFAULT 0,
      meta text NOT NULL DEFAULT '{}',
      created_at timestamp without time zone NOT NULL DEFAULT now(),
      CONSTRAINT pages_pkey PRIMARY KEY (id),
      CONSTRAINT pages_site_id_sites_id_fk FOREIGN KEY (site_id) REFERENCES sites(id) ON DELETE CASCADE
  );

  CREATE TABLE IF NOT EXISTS blocks (
      id character varying NOT NULL,
      site_id character varying NOT NULL,
      page_id character varying,
      type text NOT NULL,
      position integer NOT NULL DEFAULT 0,
      row_id text,
      content text NOT NULL DEFAULT '{}',
      styles text NOT NULL DEFAULT '{}',
      visible boolean NOT NULL DEFAULT true,
      width integer NOT NULL DEFAULT 100,
      created_at timestamp without time zone NOT NULL DEFAULT now(),
      CONSTRAINT blocks_pkey PRIMARY KEY (id),
      CONSTRAINT blocks_site_id_sites_id_fk FOREIGN KEY (site_id) REFERENCES sites(id) ON DELETE CASCADE,
      CONSTRAINT blocks_page_id_pages_id_fk FOREIGN KEY (page_id) REFERENCES pages(id) ON DELETE SET NULL
  );

  CREATE TABLE IF NOT EXISTS notifications (
      id integer NOT NULL,
      user_id character varying NOT NULL,
      type text NOT NULL DEFAULT 'info',
      title text NOT NULL,
      message text NOT NULL,
      read boolean NOT NULL DEFAULT false,
      created_at timestamp without time zone NOT NULL DEFAULT now(),
      CONSTRAINT notifications_pkey PRIMARY KEY (id),
      CONSTRAINT notifications_user_id_users_id_fk FOREIGN KEY (user_id) REFERENCES users(id) ON DELETE CASCADE
  );

  CREATE SEQUENCE IF NOT EXISTS notifications_id_seq AS integer START WITH 1 INCREMENT BY 1 NO MINVALUE NO MAXVALUE CACHE 1;
  ALTER SEQUENCE notifications_id_seq OWNED BY notifications.id;

  CREATE TABLE IF NOT EXISTS chat_messages (
      id integer NOT NULL,
      from_user_id character varying NOT NULL,
      to_user_id character varying NOT NULL,
      message text NOT NULL,
      image_url text,
      ticket_id character varying,
      read boolean NOT NULL DEFAULT false,
      created_at timestamp without time zone NOT NULL DEFAULT now(),
      CONSTRAINT chat_messages_pkey PRIMARY KEY (id),
      CONSTRAINT chat_messages_from_user_id_users_id_fk FOREIGN KEY (from_user_id) REFERENCES users(id) ON DELETE CASCADE,
      CONSTRAINT chat_messages_to_user_id_users_id_fk FOREIGN KEY (to_user_id) REFERENCES users(id) ON DELETE CASCADE
  );

  CREATE SEQUENCE IF NOT EXISTS chat_messages_id_seq AS integer START WITH 1 INCREMENT BY 1 NO MINVALUE NO MAXVALUE CACHE 1;
  ALTER SEQUENCE chat_messages_id_seq OWNED BY chat_messages.id;

  CREATE TABLE IF NOT EXISTS form_submissions (
      id integer NOT NULL,
      site_id character varying NOT NULL,
      block_id character varying,
      form_title text NOT NULL DEFAULT 'Заявка',
      data text NOT NULL,
      submitter_ip text,
      created_at timestamp without time zone NOT NULL DEFAULT now(),
      CONSTRAINT form_submissions_pkey PRIMARY KEY (id),
      CONSTRAINT form_submissions_site_id_sites_id_fk FOREIGN KEY (site_id) REFERENCES sites(id) ON DELETE CASCADE
  );

  CREATE SEQUENCE IF NOT EXISTS form_submissions_id_seq AS integer START WITH 1 INCREMENT BY 1 NO MINVALUE NO MAXVALUE CACHE 1;
  ALTER SEQUENCE form_submissions_id_seq OWNED BY form_submissions.id;

  CREATE TABLE IF NOT EXISTS site_analytics (
      id integer NOT NULL,
      site_id character varying NOT NULL,
      date text NOT NULL,
      views integer NOT NULL DEFAULT 0,
      clicks integer NOT NULL DEFAULT 0,
      unique_visitors integer NOT NULL DEFAULT 0,
      new_registrations integer NOT NULL DEFAULT 0,
      avg_session_sec integer NOT NULL DEFAULT 0,
      CONSTRAINT site_analytics_pkey PRIMARY KEY (id),
      CONSTRAINT site_analytics_site_id_sites_id_fk FOREIGN KEY (site_id) REFERENCES sites(id) ON DELETE CASCADE
  );

  CREATE SEQUENCE IF NOT EXISTS site_analytics_id_seq AS integer START WITH 1 INCREMENT BY 1 NO MINVALUE NO MAXVALUE CACHE 1;
  ALTER SEQUENCE site_analytics_id_seq OWNED BY site_analytics.id;

  -- ============================================================
-- Данные таблиц (строк: users:4, user_settings:4, sites:5, pages:8, blocks:60, notifications:9, chat_messages:4, form_submissions:4, site_analytics:0)
-- ============================================================

-- ---- users (4 строк) ----
ALTER TABLE users DISABLE TRIGGER ALL;
INSERT INTO users (id, email, password_hash, first_name, last_name, plan, role, created_at) VALUES ('19lguk5vsfomo06lka5', 'lilluucore@gmail.com', '$2b$10$ggQaT49PP5L3JEDG8s61vON5hwAqUpgNQweuu1bynUbzR7muNPRqS', 'Роман', 'Лунёв', 'business', 'admin', '2026-04-15 15:04:29.934893');
INSERT INTO users (id, email, password_hash, first_name, last_name, plan, role, created_at) VALUES ('5ip1qqekexbmo06ud34', 'danil_kovalenko_20041@mail.ru', '$2b$10$VhiEacodf1J/Es5onduRjO.XQHzC/EJWcHFZuy0/pU9kZKRpp8M/K', 'Данил', 'Колбасенко', 'free', 'user', '2026-04-15 15:11:20.513514');
INSERT INTO users (id, email, password_hash, first_name, last_name, plan, role, created_at) VALUES ('7zpnq1aoqj7mo60hw84', 'luroman2004@gmail.com', '$2b$10$yD4Da1e0uRBy4Uleyk0qwu.FBOWIDec/DdbdJF6YBfFATk0fZ5/IC', 'Roman', 'Lunyov', 'free', 'user', '2026-04-19 17:00:18.149065');
INSERT INTO users (id, email, password_hash, first_name, last_name, plan, role, created_at) VALUES ('x261fb8h3xamo06tekp', 'danil.cowalenko.2004@gmail.com', '$2b$10$d6zjcFa5SOsQyUx6fJ1IBuf71Ml9V.g03bDyYfL4nEKbsXtDCG0O6', 'Данил', 'Коваленко', 'pro', 'moderator', '2026-04-15 15:10:35.785867');
ALTER TABLE users ENABLE TRIGGER ALL;

-- ---- user_settings (4 строк) ----
ALTER TABLE user_settings DISABLE TRIGGER ALL;
INSERT INTO user_settings (user_id, theme, notifications, email_notifications, avatar_url, db_access_locked, db_lock_reason, seo_settings, updated_at) VALUES ('19lguk5vsfomo06lka5', 'light', 't', 't', 'data:image/jpeg;base64,/9j/4AAQSkZJRgABAQAAAQABAAD/4gHYSUNDX1BST0ZJTEUAAQEAAAHIAAAAAAQwAABtbnRyUkdCIFhZWiAH4AABAAEAAAAAAABhY3NwAAAAAAAAAAAAAAAAAAAAAAAAAAAAAAAAAAAAAQAA9tYAAQAAAADTLQAAAAAAAAAAAAAAAAAAAAAAAAAAAAAAAAAAAAAAAAAAAAAAAAAAAAAAAAAAAAAAAAAAAAlkZXNjAAAA8AAAACRyWFlaAAABFAAAABRnWFlaAAABKAAAABRiWFlaAAABPAAAABR3dHB0AAABUAAAABRyVFJDAAABZAAAAChnVFJDAAABZAAAAChiVFJDAAABZAAAAChjcHJ0AAABjAAAADxtbHVjAAAAAAAAAAEAAAAMZW5VUwAAAAgAAAAcAHMAUgBHAEJYWVogAAAAAAAAb6IAADj1AAADkFhZWiAAAAAAAABimQAAt4UAABjaWFlaIAAAAAAAACSgAAAPhAAAts9YWVogAAAAAAAA9tYAAQAAAADTLXBhcmEAAAAAAAQAAAACZmYAAPKnAAANWQAAE9AAAApbAAAAAAAAAABtbHVjAAAAAAAAAAEAAAAMZW5VUwAAACAAAAAcAEcAbwBvAGcAbABlACAASQBuAGMALgAgADIAMAAxADb/2wBDAAUDBAQEAwUEBAQFBQUGBwwIBwcHBw8LCwkMEQ8SEhEPERETFhwXExQaFRERGCEYGh0dHx8fExciJCIeJBweHx7/2wBDAQUFBQcGBw4ICA4eFBEUHh4eHh4eHh4eHh4eHh4eHh4eHh4eHh4eHh4eHh4eHh4eHh4eHh4eHh4eHh4eHh4eHh7/wAARCAI4AjgDASIAAhEBAxEB/8QAHAAAAQUBAQEAAAAAAAAAAAAAAAIDBAUGAQcI/8QARRAAAgEDAgQEBAQEBAUEAgAHAQIDAAQREiEFEzFBIlFhcQYUMoEjQpGhB1KxwRUzYtEkQ3Lh8FOCkvEWNAglRHODk8L/xAAUAQEAAAAAAAAAAAAAAAAAAAAA/8QAFBEBAAAAAAAAAAAAAAAAAAAAAP/aAAwDAQACEQMRAD8Ap6D0owaCKBOR50HpQQPSjA9KDnY0jB8j+lOHpXKBGD5H9KCDjof0pdcyMdRQNHrST1pZ61w9aDlFFFAUlxSqDQN0UrHvRj3oE0V2g9KDlcPQ12udqBFB6V3B8j+lcIOOh/Sg5XD0rtFAmilVwkAZJwM4yfOg5XcHGcHHtXJHSMZkdUH+o4qBc8Y4PBII57+3V8Z3bcD9aCf2J8utC+L6d/as9xD4o4XEp+VzeONhpUgZ+xrI8W47xy6uCvNuIYwP8tfDp/Ub0HpF3Pb28RlnuIolHUs4G1Utx8XfD8QIS7eYg4yi5H7V5rcrNKQ0skhYbgyMR+nrQWl2jkj2IyGfLH9aD0E/G3Bc4/4vP/8AY/711PjXhRzpN3pU4b8EDH6nasNaW88iCaC2WeEnSzB9S7nHUfT96e+RdJuZIstug2zgNp9cAbjvmg3S/E3C3HMHNKfzFScfpTv/AOQcI5PNS+idR1UDxD7Zrz4Ws6SEwhSzjKSxSamdfMD+2KTPETIvz8Rt8YC3KLhhk7Bh6/3oNzP8ZcGhGFnlZvIKP6UwPjXhXMCmO7GR3h/71i+IWMtrGJZYw8RHhdTkN9+xpqGKFrd2UY07yLnxpnoRQeg23xfweVuW9zJATsNcJwauba5trgAQSwSZ6cuRcn7da8Z0kO4LBkH5iRXRNJaoJIjKmGHiQqooPaWXD6Ts3XHeuEeteZ2PxhxW1YJcnnRDG0ux9N603C/jXg12hFxcfKSA4JdCV/Uf1oNISMZz6VyoK8a4PKgEXFLeQZzqMhA9t6krcW7pqW4hYHoRIKB09KSeldXxgFPGPNdxS+XMRtEAP9TUDVFKYEYUqynzYYB9qNyDgZwM7UCaD0NAIPQ59qOxoEUUYPkf0owfI0BRRRQFFFFAUUUUBRRRQFA6iigdRQLooooCiiigKKKKAooooCiiig1GBQQKKKBOgeZo0DzNKooEEVwjbvSmO9BoGz3pGD5H9KcPeuUCCDjoaRj3p6k4HY0DZ60HrSiDmuNQJooooCiiigS3SkjoacxvXGUAbH9aBFFFFAUUUUCSFHc10Lq+nJ9qSy6m2z032ziqD4r40LGxkW1kDOv1SaThdvegteLX9nwyDm3kjLnYKBuayHFfia4uFZbOV7VOgMbBmb3Hasok1/fP87ciZ3306MYx54Pek3E15DAdcmkMcYlbRnPoOtBZFLu9ZuZMk0nUC6XJ+2lqS1nxgjlarUQlTn5VdUgPtuTVelvMVVVt1mbZmh5ZXb+bPX/6q04IgnkjuY43leBzrRSY5Ihjy6tigr04ZxKVj8reiYKcESIUfPkRjK/elSy3SNyLyEXEUeAxdRrU+RPX7mrC64hD82Tc8xtspMSVkXtlduvoaubGOPiMbK9rDdzxkcxCQpkjI2cMN2OPtmgoPkS6rPw5uYn54WIzmox+XculxaiCXs0OWcD+bfbA9KueHB4+c/C1ea2ckSWshCyR4OMj02pRSxe1CzqZrVW0pcIh5kLE/S69dOe9BV28E6XIkt7gHbCzRuNLdtLjsT086fS4lbPPWaGaMhWlgbCqCM5Kk5G/YjNN31rNw+QTQyo8LDwNECM+lO25tOJDmSlobt1wpB2fHQ4Pr3oJSWHOhljmSKbUQ7LGdPNPZwR3HkKqpjc2ExtLgLLbSHBBByfIZ86lLIY5mS6mAB8UV1nCMQOmenapKvbXJa24o1ubeddMd3ICNB32Iz0oKaBzCkgsbjVE2Va2l3C+vt61FkiJnDW5LSRrmSI7ah6eY8qtrnhtzDMvzOswKeVrJGnTjIIA6bedQpYJXu1s5SVKb2d2o+o+RPSgicxURZogGtnbDZG5buD5YFFvyp+bGM9M6W6qe1PvEZmdpoQV2SeNxpIY7Fh03qHyXSf8ORXulTMeDgTD+U/6gKCOY/l5sTOvfMpO2cbA+VRCZY5GWRVJByCwwR6itA621xbxzlAIXJjuNXbyPoc1T8Vglt7gwz7tGdDuBsRjIIoGUaZGMv4rodiXIwKeM+pSpWNnwSCR29MGkQbwx3cZHg8Miseqn07bU2+OVHyw0S6idv6UE2341xOyRXtL+5iXui5GPse1Sp/iLiNwFFzxG4K6c5L4xVckHNGMjdTse9R0h5LzWzpq21godhQabh3xLxSw8Uc3PiyNaSnbHnnoK0cHxvwyWMGayuUIO/iyAfMADevOrfnnLrlljwWGM5/+qccxSSamMekj6gMb/rjNB65w/jnCuIACG+USfyS4U1YyDlrmTwDzbavDPxFYxxs5J7FAn75q84Z8UcV4XpPzDKjbBQ2Qw+5oPVN+uDg7jbrQSB1qh4D8U8N4ghjd0guQRqV20q3sT39Ku3IOGyCPMdKAoowfI/pRg+RoCiiigKKKKAooooCgdRRQOooF0UUUBRRRQFFFFAUUUUBRXcb0UGnooooCiiigS3WuV1utcoA9KTSj0pNAGkgY86VQelAk9KabrT1NMDmgTRXa5QFFFFAUYB2NFFBxkUdz+tIpbnekOwRSznCqNR9qDhIHU4oJGknUBgZz5etUnEPiG0iYi3DSuOmB0PrVLxXj11PGNb8psYGDuaC6+JON29jZScmcGfTuCcffFebXNzc8QmYM7o31LtlX9/On+KXMs0ry3fMnVRnYZ6Co3DpobhmSyJVz2ByQf+k/2oHIHleN42lChxiKT8pPcAjpU63jsrqLTPM0EgYITMwdc9BgjpS0gsG0/Oq9vJI2g69klPqw2Q+hIzTF9bSRl0hgjjWJvxbaUAtpPRg2fEPagl28CWk62k6NPFCdUqR/58Sn8wHVgfKpd3w+O+k+b4Pe/NshzHOp0zADtIvcDz7faqNLeNkjzcy6IwWjc5E0LDfbP1KNuoNO8P4vdy3nLv3iSdCI47mMBdWdwfIjYA0CeJvBM8iXqgONpFB2DeePP19qZ4feXPCbmGSE3UhifSsEu+nO7YbuMbg+9aji9i/HcWR4alpxKUjkyxFUSbbOAD0Y+XrtWXmiu5oZBNAEvbRfl54WiPjAJPU9j275oNNFcQ8yH4gtZFMUhAuguPw/Fs2Pfapt7w6I3RvrRXdZ4CZ4oUOXxucg5zgeW9Zz4UuLe3meB8ycPv1YBWceCTo0Z26kbgda1vAI5P8ADJuFvMTLAQbZtQAbO6nV3yP3HfIoMvNdRWNvbz2zwz2juVkOksNGfFjft3PameJcMiSaJ+H3OY5tLgxHJtyekg8xnYitH8QcJjuklvLdcBZNF1bjwmJ2GAd+gbOR57YrM8BYx203DryT8Bn/AOHkQZZTnoT79jQR7W/deILFxKGPklwHyfCsg2Eg/wBJzV+lilvd3HAp8GOUi6sZXXAkV/Cy7+9UvG7W4m4a95JJqZHxKG7MPpIxjYDc1b8PL/EfwiJoGK8S4eBcRleoxs6nzBG4oE8EuobW4n4PxBS0aExlgCWA8x6r09qg/EVpLw/iD2MwZomAlgkxsB+Ug9/tUq4veH8WS04yrGC9UcnilqRuSOki+uN8eQqRxFre44RLaXpjluLEKbW5U55kRORn1BO/lQZ9NNxerIr7yjQ7ZyH8x7/96Vc26c94LqIlIioiKggaW7hvPr+lV/NSN2t3UlZm8Onz9P8AtV0skt9wqWBiGurElZdJxiInwyDrkKcA+QzQMmGQxsycua4jjIeNQcTxjqy46kA52pvivDv8R4Ot7GQ0luvJk09WU/S326VK4RdlbeC5mkXQpMkn8ybgN/7c9+gDelc4dMvDeI3NtITLaltZwNWqFu49ietBkbAm3vXE6shXKSjHRe7Y9O1WHFrX5eKC5jlSTbMbj6XQ9M1z4itG4ffyOAZCrBemeYp3B9dv3p7h12htIrG5Cm0n2VjsIyQQu/YA0FbbI0ekQAKGOtCRkrvk/Y1IuFadOYVkEi+OLUuNS48Q+w7U9cRrYhjdRuJoZQukeEqcdR57YIFcSKRppZGZ5JRiWEs2coN2HXuNvtQQCI3ge7RhoTwNgY69Kc4fEzM0J0iSJQwYDqOu/lUi3sXRrgL+JC681VUZO4z09KZ1KoS9ik/4iDCuhUjUB/2oEvFI1vJcBAeW2JUxuQfKn1EU0TYAYIAxZhuy+nt+9S2JTi8V3GoaC+j8KsPCT6eePSmZ2FifnLVw0SPonXT59KCruo2BLEsVxqilP/MXPQY6+VXPBfiO+4HKv4krxsuShyQVPXGajW0azwvYakzJmWzkzk5xlk/2qG41WMYlyACwiPUg9waD13hPF7DikAktJAx0gsNQ8NTcrg+IHzwa8Yj+bsJo721aSNXwI5FbbUOxFa/gXx20skdtxWFNZOBJG2Qfeg2x/Y9KK5G8c0aywyCRGXV4WB0+m3Su0BRRRQFFFFAUDqKKB1FAuiiigKKKKAoooxQFKortAYHlRRRQaWiiigKKKKAIrhFdooE4965t50s9KRg0Bt51xvTeu0HpQJpJx3G/tSqRJuwx5UCD1rh60o5z0NJPWg5RRRQB260EHTqA27E9K6QynoVIqj+I+Lx2EckZKrL3YbnfsRmgXxbjKQERQKsk2MHxbA/bpWaupnvJw15cNKib/LiZlBPYZNU19x+9CGOKNlLnI0+XSq97ziccjMJlJO+C4J+1Bb3cV3M7KkDW0YOQqqXx65H/AJtSXsJzJE8tw9zpzqTMZZduuOo/SoVpxu/Qn5hZ0QjBbB2HerUXfC+JqoF/FE/Q81QzEAfzDYfegjtZQTvyobmEMR4lmQ6gO+Djr7VC4lwpbVo5TZum+I5HUurb9dtwaVfcLW0TUIpZmjBLFACzA9xpNVtrf8TsZWkseIPd2ydQRqaP/SV60Ew3MD5S4g5TSfXrctE+NvE3U7dAwp6C3ujaFLOUT2ak6Q7l/lj10luoVunkKSk/DeN2Ie6txDc5wdA8DHtnyNRDBe8Nl1QXKs22FKliw8tqDTcLtbHjkcVskghuxviYHMmP+Xq2Cv5ZG4xVPxqBYrp4uJQiC6hJUztt4OmiVPPyI96dsOLR8TbmXEZjv4wUDADEijfDKfC2OxByKuJrqw45YR8K41NHBfrvw2/K+MduWT+ZT5Ngj1oKcm94Xaw3BbXYzgaJCMghenT6vfZht2q4glT4hQXEuuHijaT8wpDcwDIAbG2d+vfIrOx/4lwKb/C+IW7aCxbxf5b7Yyp6AmrDhdvLbhr3hML3VmN5rN/rjOeoI7UEC7SSw4nNaT22nnkMyDIBOcBl8iPLetD8NcZW04xG0ziWKXVClyeskZB1DH86k5A69etQeKy2vGLM4uM38Z1RPJ4Cx/lYHdSO3nSeEpzrebh/KWa806mTSULkfmUnYMANh32oN6b2YXMktyq3SBOROIyQ7QHfUF05JU7qe/SsL8Q8La0WZEuHYxSA+Nt9DHwSj1G23pVtwTiVzeWisCGubQ9AD4hnBkx/6gHWM74qfFd2/E41to1QXse8Ubnw3kZO4JP5uuB16UGOTieZJEd41eeIAIf8qUjYuT2UjbPnTfw9xOXgvHiSBEjshaMM2nQRpYEY36mp3ErSJYpDEykRsVXYf8O/UL6iqW9hka05glM8y7OdPix5CgmcWMnB+NSSwKr2lyjohPbJ8J9s758qi2l8kcrmVCqLGY33yJUfGWHlg9KmRYv+HujhppbRstgbMmOg/pUC+to/lI9zmJSq4/5kRHbzI3oGeK25V5IGGJISH8I3wOhHvio/D+Iy2nFUulEjBgYpcLkFW8/apNzPJOkBnuWaWIhY5iRuo2AYCq64hVH/AApGJbdsjGT6UE+C7ht1vbeJ3ZJkCoHUgjBGQM+Y/euXtzqgtJsrq5bQzqD1U9P3quUFJg7uCdQO/wBqDq5hQMe7Lnv5Y+9BM4lc/N8Ds3c5e2U27yjcluoP9s1XcP1GGS3k1csLq2G4B2/Y09ZyCM3MEitomXU4x0cbjFR4mCXEwd1AKlcE4DZGBj70F7d6eI8Lt7kkm7RDa3SDq2Ppf0OKj2MoAtnj1akOMP1K5wR75pjhVzK0x8GtJwpeNGy2pOhAG/vSOMSraukcDqzo5YuD4dyOhoLS4kNh8w4lDPBIJAuWJ5RbfqO2cVT3YEd4LtFHKmLpkMGB7jOOhwelSbqZhc4nwD4gTnIaNx5+h3qGCZeGC2dSHQllUDB23yfsf2oLDhZM3DJLUuC9pm4h89G2R+xqO12q3rY08u5SI7jIxp3HvTfD5TC3PDDLR8oj0NR5sm0i0McI4Y7bgf7CgfhUxXIEJfVHKrx5/Lv0qbxNYJHvJoWUF1dzETsGGDkDr61Csyf8QwxJDSKVJ79OlSZ1DSTK23ikBx1A0b0CFBa2toC6kPKXXfOx2/rUK7t0inYHIiY4GOobzqZbhmW3aIaQkaL4uoy2B+tK4zGvNuQh+pwqZPQ43oJnwp8Ry8IuflLovLExAyN8CvSbG7hvYFlhbOrbT3z7V5HcxyKyy8qMMUUKNW/qTVzwXi11wi7iiDtypBvt50HpQ36UYPkabs7qO6tUuk0iNhjA65p7IIoE0UYPkf0owfI/pQFA6ijB8j+ldwc9DQKooro60HMGilY26VzBoAf3rp61wV09aDtFFFAqiiig0dFFFAUUUUBRRRQFcPtXaKBIoNdxXGoEHoa5XTXKBLZz0NJOc9DTh60ls56UCK4cMuAdmGxH9qWAcjbv5VV8b4nBwrhrXMrDLEiIZ6n086BHxPxWLhNu0kru0xAAjB332zjrXmfELqfiT6ZNeokl3IIyPKkcY4lecVvHu5+Zq7DHhA/3qNaCZ5RoWVu3hGaBJ4bAJEaUs5Q6TluoP9qc5FtE2AZ8Y2CzqV9sdcVaiDjQADC4jjxtmAD+maHs+JKoaaO5fI8LiHp+1BSyyRLstnp075SRgM/frSGvX5RIkjznO4GCPI4qRdQRLPmbns+OrY2/T+9Rks7ZjqgmdirAlWYDBoJMPEAqRheZayEjEi5bv/SrMwDiaLJLaRzuRpS5s3CyL/1CqS7tp4pBLGiMe6D6wfMZ6inbTiMscvMguOS/QpyxG49etBJuuEXaowS55jrtypHXUf0/rTKS8WsoWEtpMoG6s+XQegPb+lXNlxhZEkjv4Yrt1GVGoLIB577H96s7M8OuNEkHE7y3BHijlcxlT6HGn7Ggxd5Nw69lR212M7Dqw1AZ27U9yuJWqC3uBHf2koyWQ9h00kdDWtu+Di5fa8tLvOyliFb2J71FT4a+UDqbaS3cglntSZI3PbK9/tQI4NxlWszYcQUcT4eBj5e5XTJGP9Lfm/vTq8JitLxLzgHE2i5mTpkGiZMflHYj7VB4nwS+tZebDGs4Cgtm3KfrmnrC5smi0z2sjlBl0jAJU+YJ3z7UC+KCW+mzcxNbXwXxyJCeW/8AKdvPvTjZk5csts8dxgLzoV/FiPTIP0sD+3enkPD5z/w95cAqMtFIrCQj/SD9X96lw8J4kQJLWNZoiQcz/hHHlvQRhcLczRzyiIXEMmmR0bSHUdGB6FvauXCtI6PLJmWNi2tPrf2x6dNt6nXdqk8imZEt7mMYMnORlI7g4rgt4NhGZQR+UStob21YH2BoETBJb83EmqC5Y8tpnIIlQ9iuO/c9j5VV3XDzFqdhyxkkA9CPTNX8VnETkxSRnPbSf71N+XSSIRMC6+ox/Wgw8No0dyJYuYpdfEg6svmBjenrmKTl6U0nOW0YyUPf2GB+tbCfhGkoZpFZ0GYyo2HpnvVReWUpfVhYiDuWGAfQUGQMX4YBiIIPTGDSXt0kQjB2G+BWnPDi5LaD64FMtw9IssqksR0NBk/lhnC5YA5BIqTrueWU/DCkYOYsk1di0jYaZFUNnbSa6LDsCBQZNrZYpix0pkdl0j965LEWXCMRtthc5+9aW8sTkLhXJOMDfFRp+GOmCAVPligoY1a0CBAxfOWYDoD5Go11AvLYAk4H64q8msnH1H9qZ+V0KQQST38qCvu2NxIhCNjQFyBT8MI5rSnUDpI9OmKc+WVTnlDzLMcn9qJC7JjIVRucdTQM2kYjnVdOUK7lh0IG1LeDNu7nYLCdSD6jsuNqcVcxEqd8grnpjv8AepEbRmdgSuGXBoIfCLNpPiS1jYNo2yp6hQAc07eArw6eRShaWWXDnpuQMZ88VY8EKx3sly2dek4bsu2KjTnmFUjhCKmSzE/WT6UEC2Jl4hHAgP1KTgflQ5BPpUkRNNxG1lK5illVioG+5x/SucLgmCTzF8Igy7juf5Af7VMUM3EWlVQgjCqx7KB2B6ZoIV6plu5HRcJE+hf9WN6d4lZSaLa4jdTnAK53G9SbW3kuLi3SILhi2s42T1byPvU5FhDPHLHzTqVYwOuM/VQWXwpeSC7msiQ0ZAK7dCOtaZev3rB3FybHi0LxDIBdmIBII7VteF3CXlqsqncjcUEuigDyooCu4NAG9Kxt0oEnrShSSN6UKAowPKiigKKKKBVFFFAUUUUGlIOOhpNOEjHUUg9KDlFFFAUUUUBRRRQFcIrtB6UDbDek4pbDeknpQcooooEyMqo5ZgoCkknsPOvM/jG/e+4oVhDsinEMeMrEf5s9816B8QXMdnwK6uZCFIGlSTjJ8q8wjuHmlN9IQ7A40fSoz6+dByO0ZoXEnLuG2Bwehz6f0q04fw+Zi6W0zxOADrVMjHcZ6VGe8kCrIbaCAHdTNOSNvOpP+KveW+m9vma2U6VjghIQH3PWgfNutsdL8Tullbccka2P2x1qHcPfSyqEPFmVO7ask+2Kcjv+GW8iaFmd9z1VO3fvSZHtbx5DBy9a4wo0ht/9THf7UEC8hn0mR4uIjGza2J/bG9V8nDpEZZ9UyROMHEMi5/atHa8KjZvxJ5AW3w90pH6LXJLKIyLDLKNSnwj5sp+mCf1oMoMQTFI7qUAeI4iIb/5GpNxJYGPF1A7ll6uyr/StFc8FtbqQwSySRSCM+J7qWVGU58lwcVVS/C0KOYPniy4zllZFPsX7UDA4Pwu+gZ7LiMERKjMUrNnPuBTlv8PXqxhYpVOBkcq4yf0apCfCvBW0pL8R8gYyY4xrbPuBTi/D/AvGEvOI3mgAEtCdOO41Hv6UDX+D8ZQK010Ix+XmyJnFSIrrittkLxu2dUB1K0qjA99FOWnw/wDDsb/ReISfodACR/pAO9SJeH8Gg8EsF7OvVEELeH1PYUHIfiG9dyWbnoRkvDI7Affp+tPTXVveRfiGWJfzP/msfso2+9N272LYPK1P9Ko3b3Of60+nLku9YCksv+awwEA7Be9BFAsLZxIo4g69stysn/2nVin4YGlIR7KBI2BOp1csvllicmrCCGaMoyAMpIOsKoyPY1axoHLHlgs2M/agpbW2jVwgjBxv4I9Iz55J3qyCvIq65TozheUuT9/L3q0s4Q+CyLnUApQbVOtbbTCBIzZJPl5+1BVw2kmk6WOnvjpQbR8jxsPark2keA5AxnGSe/lXXiXH0Dp5UFNcLKoQMCydAQO9RJ4wjZfB7jyzV20Kal1agAe9RbtUZsYGkdxQVsaCb6mbOcbLTxsYgD4NRxtTpXALIVAA3zTsDqwGlgT3wc4oKebh0bBmEbAgHYioXyTY7jatC4P4gPfP9KglEP0sT54NBVGyOMaQPNtPb/empLKM/TK2MfmWrhwFIA3z50CMEeJAD2ztQZ6SwY52BHaoc1k3/pk+wrUSW5YZxkd9O9MG3AUnDjB6N3oMu9l1Gg5x3FMNw5j1C49BWpZN/wDLH6UkxljjlZ9hQZY8PbYLsAMYIrh4e5GgBBnqSMbeWa1PJG/g3FcSIHOUXagzPKdIgqq4RdipFN8kSNpKgJ1PiAJ9K1/ysTjSYhuM7Dek/wCGQk40OPtQYy5ja2RIkm2/kAypyetNwmOQxIEld0OphpPiPYGt5bcGtmfdWJPmKkngQZs6BKAMBWwoH3oMlFPPBbSGFYlZvqRPH9iR0+9OcN4cMSTXX0wopaUnABPYeeK2Np8NRzMDLFG4TcRH6D7nv7VK4jwMGJVjvI/lQMvGy8tCRvpBPXyoPPr+1D2CPsGXSCx7lqt/hJpPlwrAgr4du/nSPiFEMj29rGEnUkjlnUCmMD96r+BXrRzsFyE7q31AjqR6UG2Xp2o2pqGVZIw4K4NO0HaKKKAooooCiiigVRRRQFFFFAUUUUGlwfI0YPkaXR2oEVw9K7g+RoIOOhoE0UUUBRRRQFFFFBwjNJI96XQRQN496CDg4642zSmyOlR7+4FtZPcMVGjJ8XQ7UGL/AImcRUzRcMRiSm8gztq7VQRRwQLqS4QFgNTflX09TWc47xZJ+ITO2ti76mKt1HpUJXMrgrr0jopOf1oNRPf20bsVjt3cKTzZVP7eVQWv2uchZUmGPpTB/aoNvIuDhIQw7BASKcW9mUZWfSOhKxYoJEVpcSya2JjXGN1AwP1qalrGqq3zZEq7IYoWJx/c1XpxO7VtMc90T1zsMevSrKDil+qrP85flsY/CdWGfLpQOXFm+hWfj97EOuGTQfbBO9RPk4WD87i96wzklrchQPfNPScf4yPFIyQ42EjEM2/Y7D+tVMl3NcOx4jcsEzkllYl/Yaz/AEoLBbOwni0x8a4pcgH6IbdnGPLIqV/hXBYLUGS4l8JyxcKXz7E52qgubiSSFka5u2UDwRZMa6fUHc1FS10JmUFIzhg4TAQ+WM0F9Lc8ItE5gnZ1P0sCc+2kDFLiuEuFUR8NmeNiDrZ+Uh/XAquSSKKDXFcXsuR4VyIwDS44ZneSRLJOZsNTAyNv77UFpe3iQSs7Dh9mMBV5MwlYH7edAu7aWPPMvbg4z4G0KPeoqW0kbDmxKinBZiqjB/8AdVhatb6G/wCJwiHrrCjPrigkQiHTG9vayCbALNrL6V/tV1YIJJchmckbDRnHtiqSyV3CujM0RbKgjAz6EnxewrS8OVjKjohl0jSHjiVlye2R3oLSxtRkdMk9TuTVlFCFkVe5OSB5U1w0LpDMQNXT186sgjIMEvpJHhC6Sf17UCLeNEflBdhkkHqKdSEKMIjAbY/Xenw4eQIYwFPUMwAXHTB7mmy4yCxYMpOMdPLegUFym26+fbNJK4O7R5pYQMqKGONycUEgDPMIH/TigbZNYBIQKNztvVbeiBidLEDO+4q3TGoZ8+9duIIjGSqDPXrigzzIiYMbhvPJBNNvNh1BdfMdqsJI9RO6qQOguDn9Mb1ClaUFwdRAxjK9aBOtS41Mo1HfempYBljGd89PMUvHZk6+YpsDBbQyJ2wVJz69aCNLE2VOGB9qZzMuco7L5lTUsrMv0SIw8ippq5SQbDZVGffvQNpIwTZSDnoRTU+XZdRAx08q6/iYGSFgy4+3lQ7KMam5Z6AmgZXxOVOcAdfOliPKnOftSZZMYxIHOcbjFJLt2zgdaBWApBG6jHvmu6Y2bfbJ6A9aTG6up3996H8GlgQPEN6CTEBynCDXo3ON2UY713QDGHdgM7gE4NJ3LDmboTux2Geo3pbsJjpOzDz6UD1mFjYnR4R4jhsbVaQFSwI2UkfV1xUOzhIng1ZIPl0x61fLHGq8woAg/lXX98ig7aqh1cs//E9KkNiT/MJK4wV2x/8AdNskaOAG1BvowhBzT0ccxzhYzg7+OgznxL8PrxK3CW6xxuGyGwdWBv2715le2c1g8qXEYDqTpcZ3Hbp3zXuvIkYaimMd0GoCsv8AF/A7W8tJJHYJcQqTqA2lHX7UGK+GeJxrGIS5R2IB1SNt+taYEHoc15lIvKmUhShLAMyKSAc+ftW54NxKCUJA7HmlRjcYNBbUUV0daAxRilYoxQcopVFAmilUUBRRRQFFFFBpqKKKAoPQ0UdqBFcPSu4PkaMHyNAmilVw9KDlFFFAUUUUHD1rJfxL4itv8Pm3icGSYkDByfKtawzn2ryL+I3EDfcZeOR5WitsLHEOoPc48qDGxW4DHmkEnxY71PtFjIOxjXpnpvUqzt1kYMkUkhxvqJUff0qxSO0gw8jWqHOyxjUT9zQU7QNKdK/lP1sO32qXbWWsNLo8CnDSyMUUHz7Zp+64vGrFbK050i/zDIz9qejnmCrJfyBJRjXbxuoUZ6Z2oHrbh1uzq0Ynu/DnRHCQM+/lXZeHM6sjJBGCcrk5ZD7f7in3khRBJLz7PGAj/MBQfYdf1FSbVeGKoW54xfnYs5A1EbZxslBWLwpWOi7vBJgbKXz9wFSkw8JtF1Ob24c4OUa2OP6CtEnEOEQxIbYvOxOBzMqW9um9My8WKF3gjs0f6Qq2XNb7nzoM81laqjScm6mOd2eMIFHuegqPrCMfk+FnUDkss5lBq8l4neM2HfQOpXwkH7KTj2qquHvLpyY9QGrroZR7dKCKq8QmlJdZWIGw0aVUf9WMU5K1yu8twIw4/nL5x5Yp6W3khQNc3gG2REg3J/saiRsOaQvgkfGGbxuv6ZxQccDQJYVPiyBJJGCpPoT/AEFT7GGaSNDIrylz+EzBSrN/pUb/AHp6K2dGRo9AkCkl7l9ov9WD2qwtI7ZIhLomuHLZE80oVP8A2rsTv50Fhw3h2iEPPHEZoTkuyl9I8tulW3DIovmDEsQExGUzGyqg/mO9Q4OTGsM11cXcYOSgjbQCPIasFvsKkwg4bXJE6KdZaQM2F6kEdzjvQX9h+JAYoXhMhBXc/T5+2amh5AwVwOYBsA2c48qhWV7DJCIjIkkYGVVo20qe3QZA9DVjhVI0iADOQyIRnIoOsgkKSSLkjG/XH/y3pcTqUO2JNWCD1HfOKT41OPCc08rymQOoRB0YA5yKAZpc610uuMEscYpJ0smCVIO/+UWP2PSnXYtE2VVQMnbempSupSoZ1UbFCFH79aDkRBwF1ZH83WniyE8vMvM8ihA+x70xpDkByBuNOV1EfZf704ZNLrG7x+IHRhwNWPSgRKJWzjCshxuO3+9V1wJGVgWf6umB0/SrMoGjb8JcjxZwcf8A3UCaEMpZVIY7YDYH6UFbNjV17VFPU1MnthEusMq5O4wTk1CcMrbqw+1B0E1yRlZdWckHFc5hDDAxg75FckZCcEdTnw9KBhkYSKrENpGSV756D7U3MMHUVyMdxtT87hQCpB8/amyRONKg4oGDvuUA8tqYkQat2YZ671NnjaIeIYAXrUWRl1A4JB6EdKBpo105R2Jz0BFOxhHAictk9D26dKWqxuNyFPYZoMDr1Byw8JxsMUAZZQg1IB6EGu88o6vuWK7aRkg+eK4qNpOptR7YpKLruIlYEqGyVxsD5/8AaguuFgRusrSwh3GCxlAOD2wavlWKVY4VnwyKzNjdWx0H61lOGsyyQRwoJZFZlDmNdJY9Ns742NX0d/cIea8MfMZyw0xsuR0J2/rQT+cyCJ5OcoX6dDhQ3mcHqPapdlpnlbTL4dOt2VhhfQ+RqrS8xAY5FaQu3hdAGX9WwferOGe0mWMwCCEIo1/MswUtnG+APtQTUhuG1rGkkwAzpLDJH+1R7yJZkjXQCfp5TLjSfP1qesCzW5mlgIgjBJkibKO3XYnFRXaeKWPmcsKGJGlQcgjb83Wg8h/iPwtuHXyzWvNisrkHwgDCyeu22aouG3Bgu44gysHwOYD9BG+M+tex8d4XHxPhU1lcgAyAgMdtD5yD6da8ZkjME01pMpj4hbsQEUZDr06+dBvbWUTQB8Ee9PDqKp/hy8E9u0T+F1xqB6g+tXA6igXRRRQFFFFAUYoHWlHGkdM0CaKKKAooooNRXD0rtcPSg5RRRQFB6GijtQIoowfI0YPkaDhFcFLGMHOKSaDlFFFAmRtMTt5KT+1eIcTMc3FZ5poiS0jAuxwAK9ru30QSknCrGST5bV4vccqW9cwMQ7MSHB1Ft/KgauJkt4GhUiPuQAdx2J8qVaWTXqiaeXTbA5CdGcjuPSpA4fZ8PjSa7HPdjq5Kb79QS3bftSpRLdWzXXEJha2y/wCUuR4ifagRzLO3Yx21shJ/n3P7U088jM2ZpA2MFEIXbzIPWuWzy3zmGyxFaqcPMBgt6ZNTLSzM7abODREp8dzOp0t6IO59aBi3ulhDNJcFSvhOlFzj1yaWLm3klAgJaRmy7jSz+hwMbe5NOTWXCIJgOW95NjDNq0q3mGHTb1rvPuhjlwNEnQIuFAHoT6eVAhl+YUGeYqNeweFVb7Y2qTLYw6V08N4zJgdUk0Bv0G9RI+JBbgrHbWwZT4jztRPuf7124v0aVMGeJ84ZY5XIwR2oJKQIngTgrxudx8xI7H9v6Um+F/kLK8cOBtDGmkn3qHPxG8RDFHxC7ghP5jNn/wAFchjllTnTXkj6/CzFeo8sjegaa2cuGYL4jsDKB/8AVWHDbe3w34YkcZV9IwjAjoW3JpScPTDMY0Cf8uF8ls+3UZ9aYmnyAoPhTqvN0xjfuR1NBJMs/wCHDGsDaFJMcABIGT9RI2HvV5wyxlIEb3Lz3MoDIcao4gOmgkeP1Ok486quEwSyTZDGAFgA4GojPYEdP3rQ2VgZLowC3km0/wCdIJAkRXsXfqQO4z9qDt8oF0WneKe5IGpheNOy47ALgKMdenfapNtHcPpaS3AtwMq7ScpQfPORmngbRJJLfh8c98yeENG3ykLs22FX6n9zual3y8QSGKaS1sbQuwWJlUANj3Opz2yKAtp3guTKk1upkGMoG/Ex5MdjVrbTK7hhiPOzMPESfLbpVLa200di8skiLcNIAGmBj/8AiCST7Vo7aIcpAVDOADkxKv360DgGSNu9OrpG2B1x9Y61xYZOoI+1OSGblA60UBt9TjJoEhlVTkpg9mO1MXDxiYovLbT01ISo9iP96UwTRu6sBkZB2pAMMkhLnG25U4AoOpcXDHCnUfLp+/amZ5WEYiUSQlTkgF2yfQ46UifSGKLEJD2YNg+1NmCZhvFoHfJJoHhIF069WsjPXpS3uXGCdx5h1xUUW7RrnBAPc5xXJHVY9LHCjbbqT6UEa7O8jA5yc47VTXcjDxB8/erdzE7FeYQdOCNO9VF1C7syR7+reGgjGRzvqrqEnHib9a4Y5UXxREeurao8pCsAW0kjpQTGjVuuf/8AYKisHV8pgKO5cUlHAcBpSBjP0kU40sKkEs2M/wAtAh2aUjw80LuSG3FR3uHSQqjsmd9LHAYVIYhZNSEbjoP6Vy6RSVJGDp3xQMi5KsoIByegGMfepEd4SitJCGKZxk4P6VDaHLgBgB6ntSeS+rwqrgHY6s/uKCxh4nZmYpOZ7Zx9JiQlv0z09cUpzZSOWjYNuMl3Ctn1BqCgdroFlIMmdsg5wO1PAO4P45dEzqiZMD9aC44ZoN9E0cwmmjbwxKiEAd9wasyRb3C27o7OgZANYJwRnVjHToPestBPyp4zHJq0nJTOAo96vUuJZ7cBiHJyUVi2rAHY4oLG1kGkRooBiJcF/Pyqw5UcjzJHojkljXMuliVOegxt65qhS9tEfT8tKWIAVcrIJD33P6Va2dxHJaxqL3WGJV+Yp/BzsBgbUFzYcRWNZCJR0A1sAcdi2GO477U/dXcbQC8a2cSEaWu4ZAsenON4xv8Aeq9WjtbqEK00ZicbomSBsc5OzAntV5JZy3MdzdLJDcxKVLTFEDr3+geuOtBXLMJbYgsoQMMMGA5o7489qwP8TOBBb6LjUEJjincJKCuCrAbY969NvI25xMTiCWRMq1wiIrKBvoyD69DVfx20g4lwue2TKyyptqPi1gdQPL1oPHOH3HI4msjroBGllHTPTJrVrjAIIORWPvlNvKivs+oBs+e+a1dsS0aH0FA+OldwaB1pYxp7dKBNFFd0nFByiu4Pka4elAZHnQcY61yigKK7RQaig9KKD0oOVw9K7RQJortB6UHKD0NFHY0CKKMHyNGD5Gg4RXBS16Gklc7dAdqDPfH1+bL4dmVXCPKNKk9T6CvNoQyMJgSzvhVOM6fNhWq/iVexycSgRgGSGPLLnYtisxbs1uoklwZXBdz2RcbKPX/egTIEWZjrjllA1s0nRR51DtYZeKcS5rSMtrHu07bE+gHempHJ0wgSTuW8Sp552B9fSrRbUJpgnuGRUAdwq5B9AB3/AKUE2xWNrEAWqmFARpl2KjPVh5/2xTPEeLWqaIpXW5aPfGdMY9gN6jTkXA5CaEtx4mRUyznpksOrAf2qBI8Vu2baGJXOQryDUx9hQSpeLXlwuEV7aAbAphQfTembmeOUrFNJIzqNldz+47ioQcy3CmScSO3hHgJH6dKscXIyVuJCARkRKgx75oFXlrK9uxJeONFBUTDQh7kjzFMpAZieXcxyjbPKjIA286fhtbq51BZFjVcFp5XLkf2WrSM2UUegcySQD/Mc4Dex/vQVKWCfUp143LP0FWXD7C8m3iaZ0G+EcEH9KkrPa2YS4KRvM8mEDMD4RvnUdsU8/EuIXc5sRGZmkGpIYogWPplaCMtraPKIPmbl7hRvHyQ2tjtpyNs/vS4eG2kUwaYsZCMrGselF/6m6E1a2nD7ixhUX0kVpNIrcyK3kICqB0dsHc9MDemLVmu5Ej4fYpKiagDB0Jx1Yk560Di8PVEEF1fIMNlkMWZCD2BHQVeS2A/w+NOFQTzMN2ysYznYeHBfPqaqLhoLdxbmYXN4QNcXDm5ixeYZ28PrtvVpw28+W4e7Qm0RogVblDOgHs0h8Jz32PWgbS3vOHl47lreO42d47OFZGX/AK5H2U4q5ubhfloopbq3sLXHh+VSOW5RSNy5Jyq9clSKpLK1guwLi9ubZLRXJ/4hiVU/6Yhuxz6AU5psY7pV4fw8zhCXWeciFWOP5QNW2MigkOIbubVZcxEj0v8AMKyx8xunlv76jVrYsbdJjI10S0gIbWsxb7b7etVtvDc30pF2+vbwrbgsg9MtsT6Vf2HBTy1VmuUB6Kxxn0wNqCTCzZVm2VhnYAb+W3enxy5DpLtgb6ShXf8A6qF4byghjm5WtCuG+lx3H9qGRYjyAhbA1EFvAvt5n1oI8nPWXMUSEdAOa2c+eO9IVJpFaSZMAHHhFSJHbRiKXc9gM/fPamJ7hcqzYBXYkOxXHf70CRqyQTHoAwc9fam5jEiavwww33PT1riu0jMYMpvjmDfP2pp7aN8tMTLp3JI6D1FAmS6UEpaxs82MsQhwAds56VFu7lGGmaZGkXGQrAY9D5VL+XAQanaaNfygaVbPQDPWmJreMQ/ilHVG8ShV8Oemd98UEOS7kMYnitBGMaSZHGR61BvJJmGsYfIzqXxAD7VYyJFbuRG0RBGT4BgfamZAZhvcykEY+jSCPKgqMc7AaRyM5OENNzWQkOuFWOk4GN/Wp3KaOcrFGzHp4pM/0pZflH8ckH+VGbP6GgqpI5EypTDdckbe1MusirzGXXjbSo/erS68UeqOTAJ6EYqPGXQaTJpyc4C5oIcTMwJMbqM9SKWRkkB1yMZB61MMZk6zGFsYz2I9u1MzQl4w2yyjbbZT60ENzJ4mVCdiBhSRXUmgjZE5wwXGSV6Hb9KXqjY/5pjPTHkR3p48h/w5NbADxMCVB9Om9AwQ/JU5HMVdasu2+en9asCHm5kMcbHSxMbmQZYAA+W/emRbo+mNJomRtlSVM/Yev3qRwq3htr1WeVuUWxoByyt5EHwjNByG2MkIWQzF2XxuHKgYydIAG+2+O9PW05CPAzLC8baw7dSpwMY981NuYHgtpLqTnh9BOiRvw0OkjDY279BVfBBEZpFBjMKLhHj8G+RkAEbjG2fSguIbZV1JAFdFALSSbaD5UrhtsrTLJC7GJj0JzqOe3r/ao9lc3U1yYlhJcplZpCsrh8ZCgk4X2GacEq2lxDA8LRyM+YdSM7KcZY7Zxn/wUFjdYt0JWQXCvNpeOQjWc9gO46Vq4LmG5t43a2eGeOEpqMZVNOOhXoazMMpvLaRYglzr0sqQO7yrkZyRsQCO+Kv7G3LcOaMzxs0Qy/KkbKHGQHyM5IoJkXDbx5kcXkQXAMcjs7x6e5VV6dcZ7U7ew3MvMkwtwNlTQrfUP5c7k43/ALU1wW7ksR/h93HDc2kmnn2rRqUffIdSxBR/L1q7gVRMi2sWICpkiQuclfIq3Qg77H2oPAP4vcOaz4xK8ClVlZSu23nn+tPfDd2l3wuNgyl4/CwByQa138beHRmG2ueZGeSwRjnY5Bx996wPwcViWeFsbtkYoNJRRXQCaAXrS+1JAwaV2oOHoaRS+xpOD5Gg5RRRQFFFFBqq4eldoPSgTRRRQcI3rlKrhG9AVw9K7XD0oOUUUUHAMA1wEAEnG2+9KPf2qNeNotJnHUIx/ag8p+J5xc8cmLZKaiSB1AAqtu3Z4XAGNbZ364xXJ5w948rg6pHK4+9du1eNCznxgBUUbb0CeAxMt+91zVMkaFR5BsfUc7etN3M/OnK24XSvSTC+Nu9duJmks2gjLRxLgrpXxOc9P1/akJBHBZqJfG0p8ag4VcnGM+1AptUqOqErCpGZfM9wKQXhkP8AwsCyEZAOrYGmbp2liaC1WPQpCMzNhVPbT59t6k20HMiIGmSQDGeiL7mgesQmvmaF1oDqBGFB881x5oJJDpQyHo3cUyyStEAJlEQPjcHCr6etLXnZxHzLePODgeOT1x5UElrfWAt2YooVAIRVBY+QAB/engJGHIWFlXICeJ9R9D5f0pzTZ2zPLqky6gZC5YnyGak2k012x0K0erA0xfWf+pugoE6eRC7SFTLsplbxO3kpJ2T+9LC/LAw3N7NzHXeG1YuVHmxHT7n7VILWdmk0UUsetUyxgckf+5j1PbbpTcMyQzqsaRgFmYJIrHxHo2/XsaBT8pLbBt5Cn+uUkn1JP9BT/D5OIXVuzRlI4h4dnMcSf9Xc58u9LhthreS+jku7lTqLP4AB1BHn9qkC2urgEI0dvCNLaVcu7knAPoOlAuK0s7K3LPKlwmkmQmNYIR16BvG/vTdqkN1cK5klMJIC6YGI+w2z71Mg4NHDiW6uLa2EYzHqy5znJOB1qfb8IkukaRJJ71eo/DKooHYDG370DFsLPWI5IZBlW8U0oLAD/Qu3/wAjV/wWwslfW8MM84xhZJVAAOw8K5IqZwng72q4a2hwv0sUd8DrsScDHmRV0krZ0q7swXxbqzMPTFA1DbnlNiGOMD/0lIVf1FPLcusW7AFdgT0JqOwCgx4DBl2LyY7/AE+/+9cS4dQAJAAvh042X0z396BbSZDpFlEkOSOpB74qvuZCg+shAcatCjPoc05K4y+ciPGXYdz5fpTWg5YjkI7kZGrK6aBtyunJDAeaxqdqZ1fjqQuFC9Tvn/29BTstsiKXEvL7FVbINNRQSdY1JUdds0ElY2lkHLgDHtpUnFckjjjkbnKXYbkKd19T6UxdTRQKPxICCM6uaFKnyxVddcQDR64ZHhQfWwOzH09TQKv7p1jZoY5CobOTgrjzG+/tVTc3dwsgkkM0pC5AS3Crj3NQ76/AEgKNOc76vDgHsc7VDlmtJ4VEljco4IUSwykIPcnw0Ei64hBPIJ5Avi+ovGWA9yMD9qZklXpHZxTsrDZG0FfsRUe0sbErOgnu2vWbAihi5kajHV8fUMeVQbmyWB2e3jv49PSZ4SQfsD4d8+woL+W4ZURbho8ONo2XP2BpsXwjGmIBR5Bv96zscd1DHI01zJEgGUkjcOSevbcfeuf4hpxzNU+4/FkI1D9/vQadrhZ4gWdduuSKZmcgfhxknuQynA7k79qpRPwyBRcwTSG5bqrw6lP71aRPz5REbYGdlYqywADGc/mNA/iUKS2+N8jtSEuRGwWQ5JPTvimpfmYpIrZnuIRkh3dEQMPLY4qPLcosrJAZmKdSWTGfLrQTX5UmGjwVJI27HHSm7hAJ9CsdRA2JpuO9SWOKMuscg8QP1Aj7d85rguSjgSuqqDiQldJUnpnPTO1BKRpY05Msa/iHSrHbTV3w1UuVkR1jYuo0yBNToy5y4wOuAf0qhUB2j5p2dSN+h64xWn4bCDYuI4oRcmaPXqOFXTlsZ3yfQZNBZGaGWNJflrArDCVMzNgnrk4GxfGT6VRQW8o4WvNUhHjAdeYC0uTgnBOd/SrnhzSm0M7SymD5tI0e4Y/jAjGw20jGo5A371GnR24Ze3NqLuaS8naL5nWTlc6dmYAAAEdO/rQU1upVRJMEMccS6Y8nSBnGx8+x61Ni5VxarMkYglg0iMIxBOV3/LnypEts/DRO07AO0X4IdyzLFsTnbrtVW960V2sauZFLL4lU7g+VBo4BCyxsbZWdipVzo8JJYHUdOwVSP2recGQWvCQ0T3krQ4DmZllEi5wqhQNTAgnqdPqp3HnPw6kd3xHkSl3RpGVHBZypzkHSO+2ftXoXF3EGmK4s3UsVHLlDkjYYZSPQbjt6UEdrLMxhMggeR2flNLlRnyJ65/lP09FJq++HZomCWlzBHHcRAxpIyMeYAMgZ881mpwBG0M0BKscmMqdL+53K/wDm9WnDZbj5mKJ2aURYcF2UtGAem/0gfqaDn8SoHv8A4ZuFIVHwMpIvjBVck14X8LvH83JEFcOG3z0r6N4ypuluExiC5gJGogajuCVr50tCtr8RTwop1RyFGB7b0GpUedKUCkgnSDtvSlJ/egVRRRQB6UmlHpSaDmketGketKxRigTpHrRSsUUGmIA6Gjr3ruM9aCuOmaDlcPSu1w9KDlB6UUHpQcooooCiiigSetRuJgDh1w2/+WRUk9ah8aYLwi6JOCIyaDxViovZWQZEerdtsE+lKgIld5JSWihjyrA51sf9qYkmDK2AQ0nUn32NNxuzQsY+kxCoo9OpoOQygkRxxgDSWO9ckZFXU8hA6hRvn/vSHHIugFYHYoD2Ix2pRJeLcAkNQdgYqRGkQbuMHKxg+fmakQyhSdIR27aVOP2phYiFbUrMTjATbO9TEKsY4yumNR40oEzJNM8blBLInV1LYHpjoTUoSR2iqYiGlOGZ3w5Qk46dAKVApZjBExUFhhE2wPMmlzRKvMgMkSkjAdlOoeeB3NA8WtTAfmWkvbiTqgYxxR+WvO5H7U5atPNb8iNIl8S8xFUIFwOhzv5ftUNkTkmUrrDeHJZskDz86lJJEkLLz5QFIwyjSCcDG5G9BY2vBeJX16RG3LYR5WQlYyiZ3KKenTq1dibh/CrqaCwuf8RlRdfM3aKN+5A6EjHXOKqLu5nu7d7fTqgdzgDAUknqScFj09MedSbO3eTRarbG4bpyogVhGO7Yxj+9BY219b3c4kvjPdyLudR1Hz27Bas7Z4LiYLZk26k4dD4kYHbsMCoMVheNlDpcW7jLxxrHHg4236+Wcmr/AOG4o5JjHHHu25bOR64NBZ8L4aW8AmCFRs0aRkY9+1aGG1SNPCVDRqNbtvjy9j5UzYW7xSEhCVAwSBtUxV0bA588nrQOW8m2FmLnOF1kHB+1KmlZ1CvrZWyMgZJPp6DqaRI03KMi7KQcNqGM1EuZ42lAJh1AeEsuQfPB7UC5p4UIhZlkkI0gIeg6frUZ5QCU0kaW2PTf1pLOJTpYuy9dKOFAP9xXAmCQxd1ZchGZsZ9D3oOSQlbgSXDElcHQyhj59qZcriNUgjjkUklwmWYH0qRHbXEkygoqKRuXOnfsKbSxaUhTIZAT4wDgJ99v6mg4JVi1a3VsbFXTueg9KiXcsWtlOY2C5YAsAo9CRjNPX5hgiZ5Ljh5kRfFE7bsvTsv96zZuYrlzCt3ZSsM6jIvgRf5T6UDt9xSw3V9UgTw+FVZznucDaobXvD4rMSPZPPOzEwiQvJG22w1Ku29ReI3PyDRxW8VzaamGRaSo8bDPUA5x+1Zy84jfOTPy7qaNWOHMyvKvr4T4f0oNIOPlWxBEYEwebFExkYH/APzYK/b9KzXGuMG3kWXl3Lrk6nbiB79MoPD9qqpOI3TTsxjuHdd8XEisR9sZ/Sl3N9MqmZY1kVsDTJb5BPucd6CY3FIp7HmJbXEzqCSeXqJH3bzqpa/uWnY+HlsNKjlnMZx5ZwKdl4vxCZXEkJtyFAWNI1WNvc71AkluJwY2kaMg6uWW0j7bDNBLtLh47hnKnLYKgP4h6hRtUtDcTq5YScnJw8kQ1Z8qq4CUHMEkhHTZAxP37Vxpo3DzGS7Mb+EAuCEPrQXFveQ27KfkIrkZKty9IJ27k1JiuIRh5beVY85VjIIynoANiPesu7RxkBFixjJ8GK7BdrA5DrgMPy9MUGui4hHeSKkcCyxoDpSWJDn3KjNSEuGKiSCWaCE7aNlAI6gDGcVjYLmNIyIeZGRuMNipMt2YxARJNF4tm2Oo+YI3oNNpdYiwkiEIyWAm8b+lR4btlLMyMInOho2kO/61XW3EoniMs8aErtI7yFW9wCKsrWzW8tJLmyDSLGQ0okLLIseRl9ttIoLfhF3DcXkr6NLTMqpvur9NRB+k9R9wa2XC2DRScovapCsojUKCyhBrCu2e5HXyrzu1tZo7oIui4jMasulsYO+nT6+VXcV8TaRy2kk/Nt9SqjnLKrAKxbvkZz17dOlBreKyNFNbzzRD5c2zCO3MxZFMm5dx1Ldgo7ZAPSp1n8pLHLc3lk8kdnbrHFG5UdX1fTuAPQb7GsJxDij3C3VpdqxdJNFuiEkTSgDAYjpgKSPU+daj4HvFtzm4t45VhwYpHlKx8w5YAZPj8QHXYbkUFb8XI9us9vxGSWS8kbUYk0hY5iMLGoG+VXcjsayr3hEmS7S6CBnW22O23sa1XFZIZuGymKIMWj13F1IT+ES2QmSoy741HHcislaxtNMiIqs8WZWibYadxpPvQbv+H0bNeOYSS9vLu0RIb6fCSTgYJbp3xWi4mTE7m3s7gLIuuWSbS7licZCk7r5gdtqq/gM3kPDeI20Him0eItzCAdYCjIOBswNWfFpII7GQJFLK8N1yjeXGUVGyAUQZJbfbyoJNpIkl0i2tzbTSugGhYWt/t/KfbvU/kuvgYNpLlnKooz4h0PlVVwyZrwQLAoJjVT40OXGDnbIBH71p44vl7VYrO3tLIS5xBNErLJpYFtCnBDYB3BPagsOBy8y3NtzgZIjujyAEK3bHtmvAfjGz+R/iHeRplUeXWB719AMCIlv7IzrNbBJpkkw5KnAIB/Mgzk+VeQfxj4elt/EKzuIyeTcRGRfv/agZA8A6dKFHvXV+hT6V2gKKKKAooooCiiigKKKKDUUHpRRQJPSuUs9KSelByuHpXaD0oE0HpRRQcortBoE9TVdx8FuEXQ7tE4/farFc9fWovF9uFXRYDQI9jjv5UHhUioWwWIAITOe/pXI8qxiGAFB0nyp6bdSoTJ5wbAHbfeo4fVcMcEDGKAwpDN/N0J/Ka7EF0gMwIY7YPWmrgAoFRjknzpagMAF6kYA8sdaCUNLDlrlDjqewqZBCqxbXDJHjLExhmZv9PrUCzwuZnJAB6npnyqTz0mVOYJBv48nG3oKCzsVQxCG2E0rSeJRGwGo+ZPY0teVbyJJI+XfIDBdTIehwe9N2zXJgWcKIPmPBChODIB5+Vcke3iYkRtLKV0sT9Kkb/wDnnQRr5zFD8vI2u41EqAME56bUxbWtw0rMIlj6YZiTq89u/tUqxcXUnOmIlcHxbdFzU5+IQwQnkSTBY2Kqqr0Pr+tApBBaSJg828cAh5QwKDyAPSpNjKZJedcanIPQKTjfv2FRrGzl8RulUsxDEl/E2emfKp1laXMl2ERmVBktIo8KAdRkbk0F3ZwJcorXH0A/WVICeQ/1ZracIt7aGwwuhxgaUVNGDntWZ4GnIm/CgklXYvJI5xj2O9bG0TVGrqqspIIONWPud6CS5XmSqgwpwBnvsM0hFbKu0bSEnACDvS2XdcZ1ahjHvSptmBeRxp9M0EWeEgaWXz2LY0+X71GX8NSsjKhbtqG/37VIkdeWyYiiYt9bZ1EVDd9Kshw/cN1x2oOXAKqwZdZU5wy6sfcYqJJMBC+qQIxIwT4h7ClpkypBLLh/5vyvnt605NBHHKCYzlRvqjUDr1xQKVmWKJRGg2LatG4wNjn3quvb0c3lvLz2K4KljkeXQCnr6aWMGOOSLU4yRKuM+1UV9dIBgrLPlTpRBIE1dtl60DHGI4Jo88QvJeUCQLdYG1MMdM9/tVLdcSnitjacOk4g8JI/CWMRBR7kE1dS2cs0KzXFvyYMZKLDMrKfbB/tTcfC+HJDqitFUscFpzOxOfLagxht2nuXWS4e3kXcv8uWcejHoasOEcAiM4ntb6WZR4W+WkEJ9Toxv1rZcOtYorZI0u44IxIURY1Zmc+XiGe/2ovIbaIcstM/L3YyFcA565x09KDOX3BrMKgZIbsY3M0vjP3UZqv/AMIa2t2AMlsoPijMxkRM9yD/AErQf4hYQxhWihmIzkpGRgZ70LxWzSMvbqURBkLqDD1yG67UGUv+BqEW4KWkoYaVkVMBvTHY0zJwu7VsRwh0T/8AppR/mf8AS1amS74c1yyIBbPKAwbcqf8A2nb9KTcGzmtpArxKRsJBsVPtnIoMZJaKhPLEsQz4+Yp/Y9G+1RLi0xKWDDDDH0lVwdu/+1a64XRF/wDsCQqmARgjqf3qNIkQZjDpcMmGyQfc+lBiLm1ZNQVQqgdjn/w1DBYNpJYYGxxuK1V7GgzhRuarZ7Vd3UAbd/Ogo42mLu/M2U4JYdqlRXEpjZecrqTgacjSfOn57bQ50MulsfrSFR1ilLxh0wNR6YoJARtbFC4ML6TJkeHPTI71ax3BsbWdre+dLlmwV6kAEHB36HHlVREQWXKlujR47npg+dSJQiPFKTuEOQdiVA2z60FyvFJpVt2jSOIw6ckJvkevQbH9qsJ7iS6jN0p0R6HZ1VwxONOxx54rKhiqMQ/Qb46HNWqXQVktwMBFbXtnVnA6d/pNBcIsd5YNfhpopUTnTqBj8MPp232J396uGvnub7hltKGggitTbxxa8JHEQcM2+7EHp1NZ5HnxZ8Py0rq2pliDfi9cL6nVjOdhmpdyjRW8V47sk1smiR2QEknIZs/p+lBM4xetNAtmp5lu0eI1dsHUoCnbp0GRUfUeWqqA0GoaiRtpA6k+WarecLiVgceI7742O2fStjwWzaOzt1mgZ5LwJHEhGOSG7/c9/Kg3/DEs7L4fgu1imhR2PzXOYggrpAwR0QkkggHOBVPf3VwJ1guLlllkl5wBmyNWNJPiXrkKfvTnFbyDhnDeHQ3Ez60wskjnbTGriI47gkkg+a1lbe/ntrmNri6CEx88Atqbxs+489yP0oPQPhae2XikJ5kiQhSHaSMu0RU4YhjjGem2d60dvfQG7kCRQ3OmAHxXhI3JwAx8gM+Ks58NPC3D1snuZ8RQlmJkwQ5IKE+mTj13q6uJpGvre4jgjlimtgXkxly+dxn8oU9DQaq3e1glVBp0RoMq06MrIUGrJ8uo6dRXm38cLJ0i4PcvFoAk5a5XDBSfCM962JvojAbGCRmm0LhYyF1K3RlDEKRkn3ql+OrKW7+EBJpm5tvNrI0kKMdcZ8QPX0NB55E2qJTtgDAxSqbB0nSOnalig7RRRQFFFFAUUUUBRRRQaiiiigK4fKu1wjegK4aVXG6UDdFFFAUHpRRQc7Go/EV5lhPGQSCh29cGpBFNyrqj0kZBO/t3oPBeIfg8TkXUR49OD964ISxYhsHqasPiiBLfjl1GFVQJiVPqac4RYmeRWLZB6EdM0FNOjxHdQTjIyOtO2ioY1EhJCnITy/7Vc/EvDbgzqbaIyqEBJjXIzVLbiaO65csbLlejDBoJ8VliMh2BifcKRnO9PQW6PchnYShdnMpwg220jzrscZIRS7Bc+PuV8gKmhUgjE0ykaATFED0bHX1NA1M8hlEiRkIg21HAT1rk6oIwgYFidTHzpiN2WOYF15srA+LoBt/5ilQrFNOYGldXk+vw/Rjf7bUC9SvA0UUegBTgjYsRvjNRbbmJKXZxK7BsxE50AnbNdZ4UvPmWbwDaJO5PTPr50qANLGDOQU1ag5OBKBuP0NBeWahWhlaZiWB8Wg7bdM1Z2VzIRFFw0yNHq1O+jrVBBKJJAk4nmtsjWPzE9gPfpWqtrXXPA1/MofqYAMqg7HbyoNR8PJKcHUpWQEyZGTnyx0rRxCGGLJ14xkgL0ql4VIkcESFJQAP/AEwmd/KrqKSIkMS0iBdRjYY3/wB6AZnCatRKMvRV3xSZ5cwokrIyhR4k6Lv38qbu1fwjWSXYMAOw8qjzu0eMvGRkh1PkBmg7OY1cos6/TkqZADUVBlw+iQKyYOTkHc9DSpJmjPLEyI2MqG6j0NRpWdpDbadYAyY13Jz32oHJIpJUReVkBsuwkJJHkB2NHEHaRFcFIHTwpk9D2B9ajr4baNo5GQI2HDBgF323NT4ubJGfmY0CBhgMMlxtQVNhy2mZJLgyy6hl+QGcH0JqXaQ28bFWLtKx+q4A1A52IUb1I4slmtqs9rCY4yQGhdd8+YHWqqbiF5blxDem6gTxSRLFhox3z5bUDvE7k28gWcpKhHjdnPi9xnf2FVcNzc3KssEmCuWCwsQdI7YPeu3MrcZtmukSR3Xo0gznHYZO4xUGyXhXDEYGaaa5UhnVDgjJ7e1AuNeISsnzUE0caSEAiTBKHrq296dn+UsLUs3w+5aQ7SEa9Q9M1Uce+J72Mc1LoxxAYjEuUkPpt1rKz8U4xeqQLmYxsx1b5C7eu9BpeIceeOFh/hZSPPh0ruPSqCf4kZkKvwuNgG6Fsn9KrvlUKk390ZMHokmEz6mod1PZwty4tLZG2k9D796C1m+IYLhjI9jLG+MDw+HFMQ8Wsi7B/D6p4ftVEk8rxgIowqnPnjNQ7jmxRs7xNpLZDY2xQal7+2jcPA6yBhurvilve2zouQYzjfTvWPicEgFghO+zZ2p8M8bZhlZtvzbCg0kskcwOhs48xiok5yuNsVStdXSHW2kjuQ21Li4kusIdyT+lBJlOSFP5d6XbblkzgtgD9aTOSygjGexFNaXU7nf0oLRbLUyOqMFjOGI3JPnUp7PMLRuSjsuuNz5eftSeD3CppJGoZwQf61dzW6yQGSMhspy1B6igzM0L85OajfiRnWMdxTdjDGSreORtiHRCdwNx9qv57aXl6tC5OFGdtIFMxR6WBjiK+Qx0NA+sSRKbhprhnbMZaRjGqjrkY7dqgza3tjBG+ElBJOnAGPU71L+TudYaV0PcLjdfXFLaN/Fgs7dSdOAB/vQSuBWblS7QK42ZgeoA9Psa0Md4icUW5mjSWOArBIQ2gGJvpGnG++xPrS/htbNL1onjcwBTJNnqwJKnp5Z8qi3tlBFcxvDO5ieFQxKlWSVGBK4/mx+woNH8ZSiWz4WXkjSO3LrrCECZdyjEDp/551ibxysKkFZpQvy5Zy5ZdQACA46A75qV8VcTa8hM0cxKSIIUBAIXQw8XTyz+lZb5xJrs62dW16ikA8UjdMZ8v9VBurDi0cdlM5VZTLLqk3YFtIAVfYd/Srrh3xKRNOsl/EkkUYCvo6bfT0rzuwvba3uDciCHwjSkKoViV++TqGcedX8EMkSm9Szg5CsHkKMHLA9cDVqOPXYUHr/C70XnDorKXivNj5SlGMCZfRvpBb28quviQGX4fDjFwrqUV0A0jbfJBxmvErbjlkk0DBZYkVlBlBCZ1bEMrZx+v3rWR8Ya64D8lJcXi4flsiOobIb6lHUgZG1BnlcqxRxpZWIwdiKeBOMnYE1HvkEbC6kEwkBKyso1odJ2JHZuhxRZ3CzSMAjhgDk6Sp9cg0EqigbjIooCiiigKKKKAooooNRRRRQFFFFAVw12jvQJwfI4864elOkjB3FNkbUCKKKKAo+2fTzoozhhQeS/HEA/x5mCZ57HAx6dq0PwrwK3tLFuK8WZbaAjMaacNkd6uOMRcLtrr/EOI6Xa38UMJGPF/N9qw/EeI3fHuItHrl0K40gDAG9Bv+Gf4BxQvDYXYacH6XbrVN8R/C7Yk5kOl8+BsEYztV58FfB0byI8wbnFc+E4OK1vGLSW2gW2vmYomAkp29h6mg8Oa2ezuBHOp38XsRt/apws3uLSOZlDQhtWkDLah2/pW64rwa3vFISEah6dRVVwiyW1mnsZiEWQDQWPQ0GIeyeN5NB1SO/hGM6Soya4CVtCObks3icfUPvW14xwpkEDCLSyyZY47HbNZy5sOXAH0MQsyqAPzDzH60FFexlJrRA/NKHUjY3JztSJo+QxVwZXLgM35UzucVY3FswAd1ZDkhSw2+1Q0dSzOsbSKhAdifCPU0Ezha/8VMJQSqojgL3bOFH3rb8OhRFM0kbmWZQViC5KgbjPlmsx8PWQVbpo5uZqMahl2C7ZJGe4HQela7hql7jnEMOZggsMBVGAcnzoL+wVzboJCoGM4Y5INWdgpkbcYUHqelVsJUadLDAIwc1OhlLMdc+pQNyoz+9BKkaMBs4OGwcnr7VAuzJ4VjlAVnIKkbKCMdanGNpQpBEcWMgsNyfTzqHMrPIAHd9/CVKqPvQQ51LEjOlD4TqHX7+Vd+VkSApa3EetSPw3OBjvvQ6zvKwSRNOkjPNIAPqDSNZZ3w0bg4UvoGgjocE0CJIrixUN+JbI27NpzG2/nTEfE7eZWkWZhcKwDCM+E+WR5VYWEzxSPBDGSvXwrqB9gNsV2/ePYCwiDMPGwABPuF3oK1lumhmSYiLXj8QgsnXouOhrNcXhliLywl0mj3jlgYh2xuQcjBrRX1qhJLRS5XBZVkkGB7ZqovLKJ3/ERIF3xzLmQvv6ZoKJ+IXkltcTXNtbxZGDJKAWbbtjoar4+bHCzNBdaU8TSRSaFOfU9asLmG00tHHFNcLq2ILlT9zUYAzXPy7DkJImMA7ZHegzdxK880jW0E6lR4pT4z96rpLXiFwMxqWDAlSWwTjrgd61/B7m3/xGW2jVhGCFJC7sR5edSLq2txdZiOHQgrBCuXU56kjt50GCg4Xe3VzD85JKYA27BSQPt/erlPhi1bVPa8QVmWEyeNhgHofvW0toZ45EjuhaRu0eY3bIQ7nY6TsT03quvYLIQyCWwMfMYos0LZCDO+pSAcGgzlzbT2rwGSFHOzRhVwSfI1H4lc2dxZvHomt7vBIOAV26/wC1XJUiZOTclMM2gdAcdNjvioPEAVijE0YXSTllGAQaDCcURoZNILKNOWwuAahQyuMhdXnsc1tp7GGeVYGQ5C5yfXzqpvuDwyZMXhKnT4RnNBV21w6YMilo2OOlS7iJEQMwHLJ6D6hShZNDCiyaSgkycjBI2pN3cW3zAKI0anZlI2oJVhLGAyc4soG23T3p86T1NVtjkalB2TcEfmzUtXNBZWOUGrPU4+1azg5VoVDttmsjaPrTHlWu+GojI+oeIKuNHc+tBctZpIhyoAG5zXU4RJL/AJcWV6kgdquOGWDyxpr1ELvlfzD088VpI+ExwW7yq2hlA8WreQEdMUGJj4JGATGSDjByKgTWs1vrj8ARsZP38u9bbilnaCFyCwOxU1mLmMRSkNgZ6MN80F/8N2XJuBdLIFZ4xLJIq55o1YAx5A9ao/jdPlix13OGm5iEpgb9cfet9/B0W14svC7tmUp/lyIR4QGyBg7AEjtvsKy38XbOW24o5E0sysrBgDgYAzqHvmg8i4jfSy6oT+EdONSnV/5moc0yRuxU7hWAbtv3p69jlSaQAFQdyTsBnbeo4ik+pQWx3A6UEiO7lMQllL5C4OGGlh+n7VJteKRo4zcRx5GnIi1ED22FVhJRjzYZHZuhI2FIMgQ7u0Z8lTNBZNc6bxGt5PrJR3BYZUjuoyK0PAfiSeytzhLN0yQrOqlgc4Vs9Seu3XNYxLkNLiQu0eM6dBJz9qlxRBY2k5McI8Oh2kIP1bjAoPT7ridlLdzubritjLJGiymGDWhPmVI3A7HNVOVmZJre9S4jSTltiYLKSNwWTbYehNUXB7y/gXmQ8QlWRW5U0rO6tGOoPTBX0NXcfykt6GjnSee7bxzx2uGV8dQm+PUjOaC64ZfLcWkchlEoLFSynIGO1T222O2RWas5beLiIgtLmCS4E2GmttllTTk6l88Vo0YvFrbaQnxDsPKg7RRRQFFFFAUUUUGpwfI0YPkaVRQJwfI0YPkaVQehoEUUUUBXDXaD0oEHvSaWelcoE1F4lcJbWzzMdIUHxdqlnptWY+P7lrbgZHQu2k0GH43xO94zxPGsu7toRB0x5+9bL4J+HEtyjSKzt9TOO9VP8OOFiV7vic0TFbbATPQuRXpnw3CoRpJJtIA6ffOKDWfCVmsX/Ey6EiRfqPYf71XfEvFY3do10rg4JbutV/G/iA/JG3hcoibEqfq/8FZmS7ku5S6nX223oL2yeOYB1AGGwcdqjfEfB1nTn26507mrL4csxoZ5MqrjBB8/P2qVCdEstu6llJGnHvQUPDQs0MUFwqh8aQB1JrO/FfCI7Z4Y2QJqchR0Pv8AvW4nsUhmaaPADb+oPnVTx+XmcNu53j5ioDoIG6nPX9hQeWy/MaWjSUBiCArDOCSV/tSflLh2lKmNJC+dJ6ALtv5UtByuJKocS6E5jAHyzkH7mpJDFhykGtCXLSbqFcjxZ/t6UEmws41sT8uXjTJCFjgSI3ceurGK1PB0SRCyhiNGnI3HY5/88qi8LSKBVtpscuL6zkMVUjZEHkf2zT3CEkNu0bxmNAVZI9BADDpqPnjagv7cAgKSGwpPhj8qkWuQMozEK2W0jGrakRCRTguxEa/TnwjPrUmBDKgaMjyOPOgZRLhouW7FOreM5wM+ldlYrG7ErKmNgpKrHjuadI5mYrVi7fmZx4EI9aaW1V1YOQ8hOSE36UEOSRRInLjTWpBbmJlRv1BpiWd+Tqlh525Urj164zT06S3HLiQNoU4Z0fAbfceuKUUitxy42VpGzpRF1Oduo9aCHFOYctLdNHF/6Stpz6YxS5uI8wqLS0K46kg4O/23pniDOse5k6YaNtOT6tUMyzTKketIIBkHQh/egcvlfSUmml1nf8HUWxnPSqq5tppULRILSJTgkEam88+VWDTAfg2kYL4y0niVce/nUaeO0RxJeTyTnrpUeAe5oKe4gld8nnSsmysGPL9t9qiXEGXRI7eJpjklU6j9OmelXbB75GDHl2i7jB0qw7gedRJRmX5ezhQIDkEDc/7UFDd2c0VxHdthI8lXiQ4x4T/5miG6uLzwW0DGMbYkbQB7t3qZxG3tEkLXTc6QDaPOAp86qp4Q+IdQSNTsTtpY/Tv70D09pbRo3zN4WlJzoi8KqPud/tUeW5VJSttI9yRuupfAPc1Buo5bVmjcMZSchm+nFNxXDj/Ml1EHoF2H3oLaS9dy0c9nHLE4xpI3U+eajsyKOWrtEgGNOddRzfSbhdGO+cmoczktlQoB6hdhQTGuLdbhiEUqQMHqxNRb9I3MgXKF3DA/y4xTUk8wAIdXbtzF1EexFMPcSDOoaid+lA58qjHeUPtjxFqq+IcMQE8vSO+Kelu31ELtTXzDHrvQVWWt5CpIGcDerCMBgpUg5pueJZTuKcgQoAgINBZW0EsbRhBqLEbHvXofwnDEYDHIyo7Dcjyrz3hborMzK5AYaizY/SvSfhmAR2ryJO65XOQxOmg2HBUQ6JQSgxo0yDH7VfKobcsuAMYJqm4ekcduukiSdca3fcEHoRVnGWSMtLpz1GFUbYoK6/gt0dnI1HyYZFZfiEsTvExj8SnwgfvWo4kVkj8BI1DBNZfiiYuNYyoYYG+6kUHp38IOGWh4JfX9vc4uYsZiZAQwXxb53xXjv8Q/jO2vuJXMMThFbBBgXbt5jodJ+wre/wALuOnhfFglz+NDO3LdWY6tJGCR+prxj+KHBJvhT41v+HSSc22DiSykA+uFvEh9QAxH2oKqXiKyMQwL+pFca7RhvGc/9VV0l0zNkOCPQUl7hFj1MzKS2BlcUEyaUEFSukYzk0RhW0qETxdPAD9+tNKjlQUdHDdVz0qTatonjR1i3ztq7UHWseY3JhkfWe6qB7CnoeF8SQCSJkG+nWwP9dgKuuCX9pG4IjjRypGGONRB2xW7+GIPhjidtLHdXEcM7MoIk+hemcedB57FBxEa4JeJ2K6QsTYlwx3BU+u/nVlD8QGW/S14rdeO1lQxXCaRIj7eFZB06Z32NerfEfwrZWfCy1s/CEWJgQ7WTyNIpAONzisDbcGhUTyaYCklzvJbYKINON0O4HrQV0OgcYuBLJNI8To+WhHMMZP5sbEkdxWnjKLmGOQyKp/DJ6lT0/2qnVdF+0kkCznGlp0XwFCcbEdx2+9W9q6Iqsinp+bc0C6KVtucjff2pNAUUUUCqKKKDU0UUUBQehooPQ0CKKKKAoPSig9KBJ6VyukbVwg4NAdq8/8A4ns3Kgj1sVLEkZ/Wt/JkatPlt+leZfxNnkn4rb2MEbNKuRpAyc0F78Cl1+HIrPdubc8xmXvjpWvmmkhhCxYGdsedQfgvha8M4RbfNE5ZcgEb79R71MvJFWVbiIAyLtpJ/LQVsqySZDKdzk96l8LhMeS6AAnIOKu+HcY4SYeXd2JJGxaNwAP967b/AP4+7nF3PGurYac4FA/bzgokYUk42VBuakXREcdvdoDp+nB7knH60i543wbhNuZLMtcuB9TYGn2pVtdJe/DUN4BkOC+/v1oF3OWRDpIzjYiqj4mCWfw1ezIoI0k6Sepx51Ohn5tu+T4kxgHrWe+JZpH4HcIW2bSgH2x/egwU1sViuLWCCUErtkjbVu2T5VLWWDTdLBA1znw6T/ztJGnJ/kU9R3qq4s0kVzdW0jM0aNlnV9gSDjby6VaWojNijSFEl0BiQPFpzllA+3SgmWizzTXDGQAy6AZABg5wQqeRJ7dhWk4dIkVvoWNvqGsudWPvWSaYqYDbXKASI3y9uikKSDgsc+Wf2rSfDhaSE2SOZJSSJSG6EDfagvrTIxr2GcnPcZqVG2lEdVZQDn981B1sNsqSFIJA22FO8wGMLIWDAbACgkSTgDThWB3yOo386jojSTa5OaU8i2BjzG29IEmonoSvUZojkOWijRjqGSS2w7bGg7eyKmiPh6AkA5XSep/861G+WYqJSJGnBGBGzEjzxTouJc8m3QeEZdmJ+/7VIWJLctl0YuQ2UXY7DvQVcvD2MzNKY2l07FdOoD/UahtBJqaMoixgFmIOS3qPOrqRZJW0s66cjwhen37VyaKNAdKyINJXW/mf5fWgoJbUOiiAtJq6KS3i+3aurbwQRrJcIWPRYlk2z5e/pVykTKp5YyDgN4dMkpOwz5DtmmeJNHbuiQh5rhsYjCZ5beh7e9BUTQNOs0kxXOAIYTsF9KgOk0sTRIqaRs2rYA+npVxd26rKJL2NJJmG0ecNn1PlSLqzLxh7vCIN1iRvDj3oMxNbQ/5b6piD0UYAPvUW6hmeRgYOXEVwRq6/etJdRAxjlJpUdNIqtuYwVYbnYnbzoM/cAFOTNkxAYww7e/eqi6jgY4tyzadsHbA86080EhhJ0Dp0I6iqm7iGkLywGPTagobmIqQQ4z5UjJxVpJaBwSTkqMYFQ5LZsZQYA6gighsWJzgkDypDJISGGPY1IK4PQ1wiggS2pkfUyrn0pp7aVAWAOAfLtViTgZxSGd3UKseTn6SOtBCMEjboM7ZAx1qTZ2buVYqwbOCKmpaMqc4xiEdD5Cr3hnDxrBTUwO+SOp9KCCeDvFNEQwdXIZdPQeYNbm2tliihjRlml0HwZ0B/bffFQ7WztXjE4gU8tsF1IB9j61a2trPHOVXW8YIZGDEj2x50Fzwy5kSSTmSSx5QJpLeEe1TjKSuUYE9Mg5JHtUW0CkqNYHdgE3B9dqnKIVyxAz6rvQQOIauWDuBVBfrLvqRtO5yRtWjvzEY9Sjl52JAZSaz3EAWPLjdiPMigrrGVorqBioiIJ8YyNJ7Grj+OXDoviP8Ah3Y/EqlWuuEvypQpOpYT0B9m/Y1USw46yHT3wm+K2XwQ0PE+H8R+H7qBTa8Qt5IiQNTamB0kjt4sUHzUramURoxydjjNOziaFNUiDHUZXrUmKQ8OuGtLm2YSW8jo+2CuCRv67V3jNzbz2JXAJ6Yz0oKyDiBEuo7D9qnS3VrPGGdwGOADj6d6z9/Akdxyox2H71a/BXAuIfEvGV4Zw0p80Udo1kOFbSpYj3wDigt4X0DmwTMwYbJGo8JH+9XvB/iwcNuWS8s0mTw45oBP61noI2+V5mCpUfSFx4hnPTqNqhrNM6MmcOWyCc7frQfSvw1/ETh11wi34bw3hotxGdT631Aeq5G9M300psLqcobicYKBERogcnbVjUHx5bdK80/hx8SNYpNb3t+trBIApL2okKHpmvQ766i4jwuaKG7TiKuFL3GpUVcdMADYjbagz3D+GuJZLuMs6k6pgRpZQemQTuKnOwPRVx7V275kyRSTDXcx4QvIBkJ2GO//AFUjbGBQcooooCilUUBRRRQauuHpXaD0oE0HoaKD0oEUUVzIoO0UUUBRiiigRKyxRvK3RFLH7Vivg+x+c4zc/EV/GWjjkPLBGcb4BrV8bcpwm6I7x6T7GqDiV0eD8Ft7GPR/l6mPQnNBZ3fFGM6FXQplsAHaq+6vyZAfDuM/XWaHEtQ7/rTF1fnUDvjFBdcQ4g0SZDIds7HFU9zxaaRCIpHDY7GoMs8lwwUn2xTtlaPJOAQVPtQDG9vpRAZpNGR4s17H8GQPB8AwwMGyikYPXrn+1Yz4d+HiTzdXRgdz5b1v7G45Hw0yhfGzkKMdR6UEayuFLtGFY6wR7VUcZU/KTkqWC9FHcjoaTwi6a44qyFW8B2xt+tWl7bgxyalPiVhv0O1B4zxSXTdRgASusp1Et1Pkfaplrf8Ay8rrgyTMfxfLIGQF+/8AWq/4jtZ4uMNEqrCdRds9NWrp74qOZFF2QAWk5mUGdmOcnPpig2PDbheTJM1xEQ4OrX0SPqceRIq74TeW1vFB8uch4wmkDxaicZ9Nv615xw++luLaSBGZjLPvkY7jH2FbK3vgYEW4mxHEFQeJfxnPQ574/tQbO2kiClTqyI8jJ36nNOSyK0LyDGsDwqfzVV8OmSSI3RDxo5MeSq4yOv7mpocSYRDpIGxNAtpNKlTnxgEKBqAPv70SShY+UpAlO5J7U1JNGw8bsdPhJHSoxf8A5u+pjpKn+tBOhlIGSxUr1xIV1D708S0WBGhYNkhw4wB/YVBRnRhnII9OnelFyXaTOnI0llO5z2x2oJkE0dojTTyPobOZAMoTjpSZGN1GzykxRAfh4OCxO2RTUcQExaRyukbIxOPTanHuZx+bMxwY1C+FR60CmZ3kjs7JZlIXHLaTUWB6sfTrRCotdIs20ylsbfSSfU1yK6khR86lZvFNKrgtgb7eldS7aRRFFL4ECkysuxyDsD55oI/LmEzYkUIxyzv4m1ZqHItqWeOMMy5/FdnyEb0HQVJnCgiESayFJYKfFjO+9N3CNy0AKIMExg9W96CrlM5jZc5CHqV6ioc0GhiSwxjUPUVdz6DgjBwdDY88VS3ZcSOGK7A6cbjFBWzxK7EsG220nYgVAkjhBIKsANsgbCrWY6nZ13J3Hviq661swDPHEGPi1Dy8qCEzJqKxqF09WPeokqq5bmMV322p+4WNc4Rm33Yjb7VHmnVFxFEN+uaCtuIUVyTKR5eHrTDCLOMufPap9wZJRqITCjsKiLEGJOrHvQMyInYkj3oiZkyQgYd9qlC1BGdea6tvGoxqNAu3k5y8o4IYYAO2T2q84XZswVVyHj7Mdvsf7VWcMhQSaupBzvWlsYwy5jfS74GGoJ9s5QZWIoyMAysFALdv7VNsIXmmZxzU8eWwWJ1bdKcjsjIkbhHPNKnK9mB7/pV1a27I2W1Ehd8dQfOgetoQcPJKwYbL+bHuakCJyTruQf5dPeuRtNGu8rkHf6MbUpmR1J1BmAON2zQQeJLJDGNTgE9NYzn0BHes/eaZPGmrV5l9Q9q0E0TsOawYBBsJACCTVdPCSQoRCN9RA06aDP3BODmrD4aupLa+V0dkYAYK9QQcg0xf2rKC2lnGdtP9ai27YuUXVoGoEt079KDLfxi4eth8btcwKHg4nGt2CRgKx+oe4I/U1lbfEukyAOGc6sjyr2f+KvCV4v8AAI4nbRk3XCpjPIB1MLbY9h1rxKPw6QrHB3GO/egnJw2CVk+Yt45GJCZRdwN9/wClX3wBDb/DvxVHxO04RcX8lukht4uaANTKVDP6YOR51ScNmVHCzZZSwOkHetjwG0F9MirGZQZMGNHbmaGGRp9qDH8RmkAjKWskfgGtnGMt3GPQ5FVjc4hmiQt4sMqHBr2uPhVve2og4zE0tvOiK088etg+kAIHXYEFTkHzrzvivw5dcG409reRH8CaOaNWAzLC+wdSOuP7UFn/AA44VfXxNzHZpxCBVIcLjWNtwc9dvarm2j+TuriMWnIiZwVSVSqjoNjpx19TV1Fwe44T8Mf4vaPyJL0YjToX7E+m1M2zzYfXJIS+Bhn1DYZNAoMZCzSxwhjgeA52FK286Dv2AoxQdooooCiiigKKKKDWUHpRQelByuGu1w9KBDA77UmnO1JwfI0HKK7g+RrlAUUUUEfiUYksWQjOWAx51g/4jBor6RSqqwIO24xjpW/u8/LtpGSPEB5kVjf4lWnOEd6uW5qAnH6UHn5uH1qVYgbZFSFnMnh9arpmKMcdqk2TiSRcDBOxoLnhtuZJVZumR+ma33wbZxSupuI1ABw2Rvis5wW01RglckeXlWu4ArxMcKRvtkdqC/cQwycqyichvSuwHVby916Adh54q+gs14dwCW6uIopLi42hVtmHqPvUWW0NrYJkK2CQTjqDQZuzskXiiyRllJBB361bJmOdAZCep0kZBPkaYtQPnA2DkVMbCqznsM0Hj/xyY14nKVTmSvIxCHoT6e1ZN7VoEhRbhZJj+JcMOiA9BnttW3+K4fmryW7dUgiukIU6vEIwdyPWsUSUt9aatUTM0kpGzHoq/wBKBy3kUIMKImMTNk9MAnetZw5I1eK8ke3iYBBbRsMjU35iPasjHDLKxETKrMi/6tWOhPkAavYeKiyuMczQShL6RnXthmJ7HP00G4sGVQ8chkkt7KMLNJy+WqrsSfVif2FTLS4jLwGRgiSFliBO5UAn/eqG9mWewteFwGKCziiV3WMESTSE5UMx3OS+48tVXVlZMthbQQyKFtpHWW80FeYUGorGO6jBz7iglNHFGS34n4o2HUelMuI9YDuQc9MU9akBZL25aYSSqvJQp4lABwSPI03bJI04iDpIY8ux09fMfagduQTAXTJfyHkRiiNWaaMF2SCMAkgZyfI06sYXU7uNORq9BnpS3IkjIQHQw1qXGkEeeaBqZrslki0Ap4hk7Mp2OfUDenFKLEAocsR49f8AVfOoksguWkZVljaNgjqdsDzz3rjgHADtgDAOe1AppBKjRu0bLqGkMuC+D2pbSl+WkcSRoCchfbYmoUgeV9SYEb7Lt5eVS11LGnhGAu5JxQLWERzq8T65CuSSchd65c6iweVzIUB2YaV9xSXmCxsupVLgFfM4NQJp+dMYNewXLH+1A9dXLlNEahdOAwG+/rVbOxRGYxlmG526Ul50BdYyrcxt8DFV9xIiSsMsP+k7UES5nEjs+rSB1xUR9AUsgaVzvqYbAenrRPIHlPLjLAbntj7UyXZAShGW2welAm4csuHY9M5qG7r0aSU7fy7U6xBzzHGobAJvUeVlB+hs42zQJXkHqwb1IwaQXjV/CrEf9FcM2NmjQZHXV0pqSQYwCDn9qByWcA4C4OKaDk7kimGbDbk9KNYGBQWVnIyEEYzkGtHwubmyLkkAAeI1j4pGAyDuKvuDSOcEKxwc4G2aD0j4bEgRYHUvEeoOzD1H2rRrFEI8fXoO+UyAfQ+dZXg0ohtg0g5ORqEjnXgjtntV7FexvISHR0K4zGdztvmglSKw3EkpBGd12poIJPFljjbIFPQFGjb8TAQLgIcB8nf9BS131KML5HG2KCvuVZcCLlP56lyRVfeZAJ0ROTtnyqzkBVmyMZ3FQp4dRG/rj1oKi5jLREEHNUc8eiQ6WBGevYVprqJQNWgMRtkmqG/XIIAAJ+1BffCl9FMJbC4QSRXMRhmRz1Rtj9+prxD4h4FfcA4tccLvI2YIdMLr0K5wP23r0mxme2uFkZwwBB09B165qw+Prd7uytuMpbm5WROXcoF6HfSQfOg8jt7RUCyLKEdh4TsR77nNar4XTi1lNFNZwm4VGQlELFwB30kg1TTcChTF5aTQNaqfxFkySDvt9s1Y2gvl1XNnySoCjky5CjbqH88+VB7D8H/FUd9LLZPIbS8kjzmYDTrJOqNgRvqx1IJHnXfivh3DOJ/HPA+LRWENpbQxOjWofY76QU7DS3asfbcbi4nFDDxqzVbiH/mrpMgGkgHVnPtVjPdc2M263dw9sr645oGBwpAAcL1GDsy+uaC9/iEslpxwcKaaR7exiHLV8eIP328jWbYb9KuPia5upPk2vWHPFuEEqjIlXOxJ/QVUCg5ijFKooEYopR6UnFAUV0VxutAUUYooNZQeldrh6UHK4eldrh6UHKKKKAPQ0ilnoaRQFFABPSgjFABQ7hScAgjP22qktbX/ABfhlzwdyq3MDEx56nvirphlSBsSKzvHFex4n89EWyxDNg9xt/ag8y+JeGTcOvcSoygNpJI2BqDaSLHcp4huwH717hdWvDvi3huliIOKKvhkCZWUDfDf0rzq4+DXhvuWV5LF/EoHT70Go+DhDNAvjUs2zb9BXoXBOGW8ZW7kYBU2GTt7/vXmvCOEcQ4ZapcQXJIVsHA9av8A4f8Ai2aa1MF4xeRHKlDtv2oNjxniS3XxBaRMc28S6FI2VvX9aseOSK8QRQAFXBHrisZBdQ8SlMKTtEW3Ve2r0NXnAZZuI2j28v8A+whwU/NQQbclbkYGcnFS71zDZSTEKMjCePqaj3UTW9xpbKkHfPao/HrpZLYq4IjMZkKjqxGCqj1yKDzj4qnyiW7Ntbvochd3BOd/LAway987TIbWFdcZYMwc7AZ6+9W3H7wTXDrGUVAyxgBfExByW/QEfaoKoFuZZJMtEoRVfVu3i8vTNBAtnDExuiSOyhBJoxoXGSPXvV0HhdZHVb1EWJXXmYUuR0fHbG37VWiN1v5JV06FdWaQDOnJBwPNm2Aq0cXNoI7SaQCcMsk5BAaIMSQgJ7nAB8qCfw60kvWkueHw3FzHbnFxcW40742UM30qAGyw3NbPhl7Z2nDmNys8cdoh0W9u5PKGoDZyd2bAXPffzrJWF5NxDiYtLKZ7Oxs7bVIbcbMWKrpHY5Onc+vrU60a4mmaBGhTh8c/hMmBpCjOv/Uc+Ie1BpriK9SSS9ubdo4Wj8LuxYiFMHS2OmNwAdyfSmeEMRaiQR6Q8j6iRgOM6uvljFcfjMz8Rdr6Mw2CDlW8CkMWA3y57lzkAf6j5VPuo5J764jWOCys7RyUlkfVhWGOg6Y3wO5FASXMnIucnmBVGhQMMM9ADUOdmW1fPPldkVAZGzrz2PlTgn1W9srNqRITIHkGOaFPhbHYf7V22vYXUzzqsQVAA2dgQDn360Dc3M0gySanyBgbA7dPXFdhj5qNI7YhUHOOua485uJFWK3TL5Bkb/lqOqn1O/60uOMxKkWtVZFBOoZ0gtsMUCkiIY3E5VNCgwxdPuahXEzrclHdeYRq0DyqRfOLhGUN4g2XwdsjvVL8zgyquGdfrcncD0oH7i4WJDh1Z3+gE7L7+VQ2yzLl0UfU5B6+lQLu8wR8pJrklOAAM6z0xXC2hZIfC8pxvnwgg5wDQPzszExwRrDbjuF8TnyqE/4bbK2Qdz1walBFiCyXTEa9hEv5vWiASXoIt42jiCkc1R4cdxmgrLibKHEg3ODio7K2n6TvVtPb2yaULqwB3ZT1NR7iS35ZYLlQdIYjGKCqeFhlgjZzvTE6jUParZoiQADgONvWqq+KIrZztkdaCBPkMSRgdqjSE6MjrmkTyFzgE6R600Cf5iaBbuc5PlXU1sMhSR6CkBDIDtk47VNto1EWx1H0oHuH2jyuBnr1rccC4XyY9ZOCmMkjOPKs7weaISRAqAdQB/WvS7GBTDDHHGSBu7H8wIoKZopS5AJyw/mxke1RZI7yzfmLM3t3B7YrYQ8NWWcFUJAGKdm4C8yERQ4A6k+VBk7P4pv7ZhFcRGRD+fODnpvV1b/EUE2ObIEOOgFJvvhbbUivv2zmoQ+HpFJGlF9DsaC3XiVtKfDLn3FKklVgCGByOoqDZfDbaixOPXVU6KwlgARWLjrQRLqQYVd2JO+O1U/EY8ksVPQmru6MiMQ1uAuMZB6VVcRYADy00FHJ9Q8q2fw4y3vBZeHSadDHYHc5A6+1YmS4YSkKcKD0860vwbIo4nFqYjDAjbNBmuL8GurT5m8s1iiaInnIy5BHnjyqgaGEos9qWjuwwwudQbJ6j26717b/ABD4Mlnxi3v40Ag4nAJEbSuTjbGPPbpXnA4Zbz6p7cskygtNlfBsSCCPynFBBXmXNwba7uEWbSg1qoyr53IJ2IwO1WVlzrH5ea7t/mLbJCTRkBZQxxkt/MQPpqRZSmK4S3uoUVi2pNPUeEgfbp0rafDNkG4ZI8U6Tw6ljuUfDsxOdITH1HJG21ApuHLd8BuOF8olraI3XCpT1f8A9SL1OM4FZJcFFdTlWXUK9W4Dwr5ey5VsBdBJUkVpRl4ZQMMrH8urPXvXmvHrf5Lj/ErRUMaRXDqFYbgZBP70ESiiigKKKKBJG9FKooCiiig1Z6UmlHpXKDmK5XaCKDlcPSu0UCT0pOD5Us9K5QcG3Xag79N6GBJ2FC7Deg4AQc4qBxeFJY8SKSDvtViDmkTKrRspGTg4oMosd/wy4ElpvHqBwOoqfNxO8mgMk0ABVwdR69d/2qdEivGUcZ36d67JZyxIXRQ6kHKncigu/hdYL+0lhZVJKgqT59682+KeFXPCuLSToFZGfVnOAMVr7GUQkFJCjA7qDipVzBDxGF1kXUT2NB51wbjUkf1nxK+RnbFbr+F9/wA74mY6nV2iEjr1CnPSoUnwdwy4B5zDY5xnBFaj4T4Zwjgyn5YyCRsZOO/r6UEvjyL/AIocbhmyayvxROkNlda5AqmPw57EVquLAyXHM6juR2rF/wAQZoYI3gcODK+MqMkLkY/X+9B5vM7T3jy/5Jn/AMgEDMZXOSfQ5O1OQotxxOGGa4EcIOWm1agMb7j1pri4mj4oyhA91J4io+lQ3QnPoN6j2CK00s0jB4WwCkZ1MSDk+i9/cbd6DQPw+K1ECtOkaXCNLG4GAkW2uc9lJwQq9utVs8c9xJNO0JMegmDB3Od2znqR0x2NSLlxNau1y0scMiKJ2Wbxtj6Qn8q7frVwk9nbpaQWPBZjbLABLdkl5ZpSSz4Y7DfG46fegrbK8n4baQI18qcshnRIwWmlTLY3/Kpx9xU3gslstrNf3wmv5GRytrIx0mTprZuh6dBvtVDPLJP8uLqAWsetWWHBZUXILGRhuSTkU9cX7PxJo9euSGPWI1UpbqoGQCB3yaDWcMlvJSbiWCJbqNWhhCACRAVwHydhtkDG+Dmpt3d2Nsi2U3Nv7+4cXT28cmqOJd8DA3J31E9qiDinB+GROLvh81xdpFzFCTOsakAaQR2J2I9hVbxG9nsoZmMUOZoQVSIfShUYQnqRudhQP3N3e8S4hPNNypLi7dNKqp5eS2SqnuB0x/pFWmuWG2D3UY55LNCsQBWBE2DY6klh+1QPh1rLh3w5fcTuJQZoo2AdceBmyOXH2XTuSRvttSuEXtnZI815M5uJYeZcNKuBEDuJGHmDkBB160FhBxKKefJmNwygFhGMZbGQ326mnkvCDFHqJMpYzMhyxHbPkKyV5OBIo4Yk5gWUsyHZyWI06j5kn6fIGpMN3pU3EUp541xiUfSpBHh9aDQ8QuSvDnCAShUdmXspJ6E1n+J3xQPa+HDEZK9FGNt6i8R4oImNsrNy0xI0oOSxzg1WcUvNN0YUlYqQDM56+fWgn/NRQMptUHzNx4F1HZMdfbNWHBo5ZytraQxSzhTrdv8ALjOeobuc1RcMXmskaI8s8xxGQowoz3Nb6wtYreyKueZOpVnV9wCO4x5CgrnsVjnHOdbxlOnBzpDenpmm7xmjgRJWXmZIESZVE8jirFkkhHgOMvhSy5PXoPTeockRidpY3WW47v8AkA8qCpv45LcjWwaVl1KoHnsdvOu8Os/mCZZA7aFGIWPU+ePSpS26vK7TmRdQySPER7VXcX4tDbAJAmllUjWdidutAji0yW6sGdebGTgg7Yx0x51kb24Lu2c4O/Wmr+/kncjVkZzUN2ZjuxoHQc9DmnYYtb6MEnGcCmIFy2kZziplviOTlcyQMdyo3b/6oJENvy92Kr7t2qZb2wYYUasntXInw/y4WNdxlvzZ8s1LWMtOihgZPpX0oGeVJbyAorFuor0n4Hv0vbQRSHVLFs2eu/asNLewOAgUSPGeW5Tt5H9TTtnxB7C/W8gkXXqAeMdCO5x7UHtNrJBborFsKRsxG2aY4z8UclOWdKRqMZOxPrWZt/iCyvbJ5YQECrllP5awPxOOJ8dvJ4beV0hzgMOh26ZoPSR8X2M+F/xCEHOAA4OTUiPiCTamILnqSBnFfPF78IX8EoCSvlctgHepnC5fiXhTgwXt0y9lOSooPoqG+iMIIXK4wdqU3E4NUccqry8EDSPEPL7V5Bwv4/v7FscYsyUxgyxDJHuK2PCPiPhfFYBLa3qjbodqC84pcQzRsilRvtjY1l+IsDsT0q2u8ZLY1ZGdu1Z3is2hiFwRQVFw2mYnPhByT5VofhzmG/ik0uygdS2OlZ0ankGkZYnYYrcfBfDjJcfOEIxUkgHod859qDe/FpXiH8Ik0kLdWF0jIz9VRyM79xg7V5ZdQF5sskixIvMhmEe0q4HXfoD19K2Hx/eycH+FLOMCRUurpo7mVjjWUUEf02rL8PuhJc25N2sEU4JmkQlwqt0GnoBkAH3oJvDIonMMc6yDSBJGApOts9Qe4wP2rRfDYuYL+NUxFcswMIVSUmQnGksN8bZ8warLW0jivEeFppQ8IMSEaRG48WhQNyGw2PIKRWz4Vw/hl5MtsbnnCeFWa4kkJRHCnaMjfUNOdx3oNV8Pyw8SslteWYZIGxymOcvncMDv06Zrzf8AjBwn/DvilL6GIxi/hDyFsaQ42Ye5r0a2tZIcT298LnlqDznAV8Y7+Y/Ws/8Axzg+Y4BwjipDK8E7wOvnqGQaDyda4etdFcPWgKKKKAooooCiiig1dB6UUHpQJooooCg9KKD0oOVw9K7XD0oOUdqKKDig46UMDnpSgcVwkdaCPPFluYow4396k2N2smYyuH6nNIJBNRLqNuYZozp0ruaCxntsgyRJnI7Coqs0DMX8IGzZ7ZpPC+K6kAJUqcgEdMjtVjcQRcQhLo+hmxqb8uR0FBVyxFzrEjLn1p+zlaMeKXU2dvakzW13FqjZFYqO3eoLztB/moVoL+S6/wCGOAS7Y0juSN8CsH/EW6mveK2ny6SOBqLADbwkZz6DvV4t6s7rAjFWySTn6cDOf0rJcdlvuJ8ZvIrTUsTcxGkB0xomclf+shf6UGT+JMw3U6rKsskrEOoG3YYHn5inbaQSyciJXmCYWONVGC2N8gfqfLFR+OQcpxcPGxWeEtCo2GM4GP8AqIIqVJFPcK89yzCdwIliVQoVScEAjfIAbPnigtvhxY24vr1TXl4zBHjg66cDXo/TSD5b1YcX4tcqJLJJbW3EUOiK3UGWRV1k8vHfPTPmPaq7hd8xtL624VEYbiZmEsysU5MKjSqqexJySac+H7CS4A4ZatbmzhHNv7hpBFqY7ASP1Cjso33oIckUd3eRGKRrgLKFndRgTSAHIRR0UZGf17VFMcsZe2WLSWQTMiSE5C5O5779B5VsuP8AEFXhicN4YbOZYolis8WnL1oSeY691U5G7dV96y3EUubu4SztXHzFzq5shXS6a8ZGOi7JgeQzQInufnr75u5UMmCNER0idyFBCjr4RtmrXj/F/mb22to+H2yFG5qeLJLNkKGPmAM47feq6W4sbThUF3HbEyFnEErNhVVBjceZYj9PWmryXh9pBJbRhlKczMpGlmU40jPbzz5AedBaO3zyRcMtlUkHKRRrzOYyqQcnoAf/APqosjwW15JaTskogJluXd862H0Z9AQT9h50/ccf5XD7e0t0MM5tlAZE06mZtQLeQVV386qGmt1jW4kiW4eRdzJ+aQnGAPYE49BQcj4jeSeCyNxcSXUzSmcrpZjhVDD7A6fKrqaF7KFXlu0ndFblLEdXL7nP+o9z2qjsjexxF9CpcSks2+pwp6KqeeO1McVubtZoba4crrT8SNDkQtnYEDuR1FBMurkiFUaTmy3Dq9wo6Rrjp6b1TG8cTycxyVYgHHbfAFEjW5Zl1sEQ5m0DGpvy/bpSOA2r3XF28YSGEq8xO+gZyDQejfB/BzYWfNmnHz0x0Kv8p0jKnyrR3OYomGY+cqhotDdO2/3ql4KxDNdzHklpTJqdt0HmB6nA+9XVnAvE71zIvKtw2mblrl2AIDA+Q86A4db8xJDLcfL2mHYzMMtMc5xTPF1h5iI8vg0ZUPsPf186lcWvYoHLzYEJQCGLOx0nYj06ZrzX4s4+7GQZZUzshO9A7x3jKxRcqM48R8YGARWQu76SeQ6jnfaob3Ut2x3OD1Jo5WnDFsLnfNAs7mjI6dD5mka/GVyOu1cZldDghgQelBJjnXEfJOpywA09alJy4cNJExYtli0mWf02piGWUM0MMMXiQacEKT5+9SbE2yo7swYKDygo+g99RoJU8d4CUng+QhkxJoUFmRNt/uKlTTQOTJGzQxgaYiy4wO+B1JIqu58ax8665rXMihIVXO4B6ftSIGSMNJKDqY/WniOPIeRoLm3lKM8yuTCGVQVGCehO3nUdbsOxmQogZyMsfE699qppr1pXWO2iGHfZG3YkdzjpXVdBZzhw0koAAMbAIm9BqOH8SNsWcxaiAAh1YVx6etaS141bi0UT4eUanZQM6Nts+pxXlJvpmMalVZDgbHbGcVJsLmWJVaKZiDLpK9cDB/Wg9Hu7uGSYcpVwVycbsNsgGlcIuIJQJMxOpBzkA7ZxWEHEplB5UvOl3XURgEhTinuHcXRI3VkIAGnCnqeu33oN9fcD4XxGKXS4hlVA0e3hJz0NVA+BWRhKsqQmTBOCfCQfSqYfE91E0Sv+FoGkgbhgdxmp9p8TzyOYWaRcEEgdqDUKZOH8NWxu5pJJIjnWe496z08j3FySGIB6VoOD8Kk+IW503FoLa0fYmQA4JXI39RS/i/4b/wDxZLcWN5w3iBk3LczJG2cEe29BE4LarHB/iMrrFbReKSZx4dj0Ge5q7+EPjvhFxxIWNlwdo4GLBLiRsO7Ab7eVefx2/wAUfEUcdrJbXV/GrsRFHCQoORpAPSrG0/w/4KIPF2ea4TJFiB4teOjfy4oNd/HPjMafC3BeGiRWuXuvmdttK6NOT6E1guD8SlmmhjkWTOtFRgwI1al6jyrP/EPHbz4h4w/FOIkSyyDSqD6YUA8KgUvhF7cx3CmDSWjwyhx4djmg97+GJ/8AEbAhmE00UQVpY9mLqxJwBvqKswx+m9az4RMXFlkFsYLSRJBcRPGP8uHOYypX6wWG+d+oNeT/AATe8i8hgj1yWbsonTGDjSv0keTZIPmcV7R8C2rWF1NG8haK4lRg22Nfdj/KGXOR3OaDbcLsjfWqXajl3IOFXIKsmN0x/KfXpWR/jcOR8AGIsqkX8XhG+nrtXpCqIZYpkeNeYdKrpBwa8h//AIhOJrzOGcGVgWXNxPpGcnGke3Wg8orh6UUUHKK7RQcortFAUUUUGqoPSig9KBNFFFAUHpRQelByuHpXaD0oE0UUUBQdxRRQIA3zSJVDQSK2ysDk/ancChlBQrjI8qDO/Dyqq3lov1Qyj9Nias4WvbZpHMRkhL7aDnHuKh8JjMPxRerkYli149cVoLRcqVABBPi3xQJsOLi4JjkGCux1LvTHFFimTMGCwzkHerReF2E6aZ4ZGPUFWwcVBveCqsTm0u54sZChhnHlvQZS3nisLtpbvUEGV0acly22PtWUvLq9mvBahJZE5Z1mFthEVyxI7HJHXfFavjUV7Z2RuWMJaN8AyY1zP5KP0rFXE1zFGZb+J2tzgNGsgUsMAMCRufLFBK4jBcX3EsNPa2sdodIkc/hQpo+kHu5A6eZqsljfiVws4SWO0tdMKRoCWcBehx3JJJ9M0u9t5ZL9rWJ441cGUxZwIiB9OP5sEb06xa5trCKxkPIdHf6jGFHRnkPl69aCzuuCyHg0c3HOIG2MUKrb21rHqkDY8ByNicEEk9OlJ4db28kk4traO24dYAGe4uZjpDt0ztl5G3wB0rnBITJfQw2qlOQDO0krkc0R7gsu+hd/CvU9T0pQu5NcNjA63Cj/AIlflk1I0xJGss3R+vi6ACgsru8keC3kngtY5QEZbcHEVrFsBzBnMj4GDqOBgbb1V3Mr3CC7uXEUkqubGBV0LnJHNf8A0iPYA75q1uY0itBwu6sLeTEpeSKBWZTLjaMP+foSzdB2qBNwy+NjN8Q8VmSzhmcpbyzlRzjjJlCddIGyjyNBS3sbNxKFbe35sNlGIxJcAHmEjJ8PmTvv0xvS47e5ujJGySS3jMDcOcaeWulhGuf1J+1P8Ika6smskkQXc8yyTTSH/KU4Z5G9MbAUxc38slq5gk1JJct8u0g3kUKoOB104yfeggX0lzNeN8xGhPMy4MmDp6Km1JgmSK95+RNNbjRDFH01kjJUdBgHJJ71F4cs83EZngiWS4I52xysWPPtkEk4pVrJK0c3ykrSl01XD4Cgg7ZB8txQS72+ksmi5Eym6wdUqjDIW837t/8AdVmo29sWdw51akVMkyP9Wpj/AHqbwqxXiMjRFDEkOog9NgNyfP3qFe3RmmVYnKaowCP5AB0NAxKkoUuxMrE4VdXhbIzn7Zqd8LStbJKnL5siMA8g3XGPCM+9RLiWBLIKZTzebhVQZBX1p3g8pAmiaN1XWr+RbBG37UHoPA3ZYT8zJn8PVJgb6326emV2racAd4OEmYBoZXkyXYeGUHzPbNYX4fZTPDG9zzJWJmkwNWWzsCfTfHuK3dvNAlpHbK75YMAh21JpxnHoe9BkvjDiTQqkjxpmONlC5zkZ7V5HxKd7i6kdhgsdh5Ctr8a3Ehme3C4EC4LgbHfp71hpctITjrQPRctVVU3HfHnSGbnyBASq70lGwNjgedMyMzN4mYFzsAOmKBxeVPeJqJER2xn6iKTK0iIxJjGPDEi+ee9IClhkA4G23apdvZySRh0V2VRhiRgY8sedA5bJbl8FGVlXxMTsDjcinIpsH5eK6RYzs8g/qPWo0tnMki8vXJ5jOwHlTcdvLCqI7EAHIGOvt7UFtcM13DEyvDDEEKmUj8VwPqJ8sYx96gzXHgIbKwZACNsx9RUi4i1CUM7iU7s2PCqjp+vX7UzeWba5SisTGgBf+f1H60DO4SWcnBlfRCV+rp0pjEksrW5ZkaQAMR2FWMNq7aVcgFZQVJGxBFRuI2TwTidTy8Fcr3zQPXdnLFw+K7jaIpnSqknUcelV6zSrHkAaQCdm/Wn2ubmZOU30QkgLq8OT3FckiMUSGONtS6lOrcMpoHC3JXlkkmMiVD3fI6fuKtVigZzeODFEEz4hldQ/uDVeX50cccEIEytpRicBhtgf1/apy8ySyFggDxTSawDnMLHY5HX6vtQRbqSOJGhlZ1Esms7ZJAUhQPY7kVL4TxKeS4PKAkbSBgnGVHY+uxpjjUqW6Rwm25V2gMU4UYUSLtqx2JBqR8KXNulxrk4eJ1cGVupOkfVjHQgD9vWg9J+AoI4ov8Mv3Ro7hWlt5eSZBLGFOpSB9S7EMuzL1Fc43c8Nnunfg5+SkBM8brOs1vhQdjkZUn+U742qXwEJf2VnxXhkrx8ThfxJaThdcwOqOZQ+x1KTqHQ4NQvjO44pY318k3DGjS4UXTItpywXGzNgZB7A4xtvQXPwp8b3k1yX4fxtVtmi5M1nNHpiL9D03UbjcdjWR/jBa3F3creC0li1NrIdxIRjAyHHUHHU71J+G3kj4jJJHwy0nW8VnjdZgjMpGWUdiAG6HyNOrw/h7CbnBVs0c5VWIKMehxnOM7eW1B5jbvg6MgFsGp1vBJFcq2diM4x1HekcXshbXAkt9YU7JrGM48qv/g+0j4xK0IJWWJcnbr54FBsvgJw93ADqQBTgA4LDGMf9q+gv4d8m44M9tOyyTRRhnHkGPgcfcYNeG/Clotqym7R9CNh4lXLFemtD54JzXuPwW0lhBJdXEqcwqy80jIMWSy79wMMM+ooN3c3MaxqsjJzDt0HgI2P9DXzT8c8YPG/iy/vkBMIk5MPfKJkZ+5yftXpf8Q/iw23CJWt5SrODENsFmbbI/c/evGkGkKo6DA/8/Wg7g+VGD5UuuHoaBFFFFAUUUUBRRRQaqg9KKKDlFdoPSgTRXaKDlB6UUHpQcrh6V2g9KBNFFFAUHcYzj1ooFBTsSvxDGWwzNFgk9epq8sG8R96orjb4hhJ7xkVeWCgZZjjfb1oLyIAaWHXGKj3T8q0kmfYI+ST5Yp2FwI1OQMVXfEjqOE3HiABTJ3xnrtQeYfF5+Yd5RcaCGMkfL7rnDEn9KyfC4kupoRLylWOd2MjEk7/SQO7Zq++Kmtpb+fkQMiEAxJE+FdRjUcn1qJ8Pr8lBFbW7LLxCZdWnl506jsqY7nuT0oJvyEcVrf3nFkuCpVmjgyFmkc4ILt+RM7kdT0qjuLeQtcXM92sC+FirAorlRkDSOw2xjtWjSzt7e8FtNeRc0ODdPO+Y7foFQY+txnfrUe/tuFtfG14U03ELhFfn3M6lIVIz0Q7jGdj1NBD4ReZ5iktbwsedoQHXM42jXPUgfVg/0qy4CzRxQQWkbWcyQOs87P4VDNvqP5R026tuB1qsgmh4LfQvfIt5MoERw55UZKkHfvjv9gKtLfic8XAG4YZbe1sluDPczJBk3MozhN9yBnP6UEXiaXN3f372d3cXcMUbmSVyY441BA1Ko364GO+Kc4hYyO9lxDi0vPLFgqsuuVyNIXMa/QuenpgVYtxKx4Nwe8Tkq1xO0IIVtfLVdwo8z9LE9MgDtUb4d5VlxTh8nE4RGjzhmtlbSGOAxjYjfIyPuRQVfEbUQTpbs8mq+t1lkDrpATV4wD2AAI9yaj8SWG4ktsRBC9tHHApbKWqb63b/ANu/r96tTftc/EFytvKyJOWR2mUOkcIOSo28TDt0A9aqJZ45Yr9Y41tomhIlmlGTMoAWOKNfPJycdKBrjl1BbWcXC+HKEiEzsQikPKVOA7HvnfPbtVbcQwx2IVnYu/gKYxy8nYHz3P7VPiglhHyt6uZrmI5kI+hFA06fbBz70wmfmTdJGrW/LZUcv0ZR3z3NAzcTNDYurSOJpIwkr430r0UD1+rPpVdMbdIkVS5kkOQQN2PrSrxyUTmHJCZUhfEWOehHbJqG8oSSNipaWJSCR0Ymge1aJQHTx9AD0qfwlYhbrPPM6F5MEBs5AxkAdfOqVnZwzFsnp7VYcGlVMRtJo1bAdBnz96De8Gxz0e2ESSudLyySBUTsCB3P960drcq63V7blpYHcW6uPrx1YqPLP7V51HfzspSEIhibW0jKNbnV0A9q0PDp1YRWvPbmuWDSIuyAgal99/3oKj41uC7yNCWEI+nP5s7Z9etYi51LPGMkY61vPi6FDG6OdXLIbShCrGvZffNYe8X8fX/N0oEn/KJz3p22ZdALLqwc70020J9qYEpRRtv2oNDwm2guE0uwVdO58snp7VoLXgrSCMm5WJVGlF0nB9TWBi408BCv4mXbUp2rQ2XH5ZoFIZ9joHi6nrig19n8LxTExsxiSQZyjfURT0XwtcfMO8sDRHwKi7HY9/1qs4Pxtwke8mVzpB71dx8ecxLIJA7L0Odzvj9qBE3w08CqXSOQDSZMDxHANVx4DLJJqZQsZMgxjzO1XCcY5mozO5Ynv5Ur/EIzlSD4cE+nlQZuTgM7MHVSQn0474NR24TLFmKU6i251DY5rUxXn/D4CHVqINMyvEW1tgeeTQZW64IugKoGSMHByDXLTgsyHRcGNlG6snQDyNX9w8buSGU4GFx3psMxQsGUKOuaCkXgMTTmTnIhkOkrI+nWO5PlikAzcPvZHnf8W3ZED6QRLERjr5b1ZX7klURS5OQSOgB61GthDokgupHMeh0UYBOdKhdz077+lBQceukk4lPO8YR5IyWAfWAw6Z89sGmfhq6uIeLQTQPonVTgMcLrI229asL8q97CGtC0cTBULY1GMEHxEd/9qXwf4clvLszQQq0MLFlSSYIxXI0j0OTtQaw3sl+I7fh9uvDZ2l5EnKOGSNzkllPQBslWHTpWn+Kjcx2dlLe3TXt0Y2tXKFo+cn1CQH6eZsNu/wB6yjwTcLvbC7uxIzFSY7iSPBcMQFSUdxnK5rQrYzkXtja3UULyoyz28sgW3GDn7jO4YbrjFBnre2tZESCZ+IwiWNnjiGkywuBqDp/MGHUdtxUsPZcNW1k+RllguY/xXTPiUjZ4w24AOo6fMVTXkV41zAsi3S30JKNIwAOwOCoGxXruPOrFOJz/ACd1bTQXCRPvAvMDGIsBlQCMjIGR570FZ8aRN8yohuJrm25YeOWW3Ck7bj2/71E+Fb3/AAzj8F4An4TqD4zpCHrkfrVlxxoLnhamK8kLSNrSLOI0yTsc7qc7HtVbwXWl6JrddKcwxIpwwCkYJOfI70H0FPwuJ7BuO2luTDHy3eAEhnywyykdh/atVPeJHZwwWszok8eERl8KDPUnucE1nvgoO3w7E9tKfDCTcqyHLaWGCo6eYPtTU10ebNOHkK29uWAfyOwx+9BRfHnEmu+Ntw8nMdmAW/1E7A1RYFMrKLjiF3eNqfmSHSc9QNqfoCuHoa7XO1Aiiu4PlRg+VByiu4PlRg+VByiiig1eOtArp60HrQcPSuUojauYoOUHpRRQcortB6UCaD0ooPSg5XD0rtFAmjB7DftSqD02oKe6EZ42hLsGCExgDIPnVvalnjA75A9qrriHPF0mKNnlbHtVhZoWfVqxg0FqjYUKCc9jVB8Y3SwWPMklEaLnmnTu3+nPr0q2kbCnJHSs78Z/8SkZRA3JjzFG0mPEdskfmHTFBhOO3vNsVHDol0QnlXBbGrSd9Poo8qODJxCC1a1soBavMpaW5VQnLiYeE6zv0wD96rbdbe3mnF7DLezFgYYk8AlPTxDso860vD7Oe7lPFuMT29vbXEbabl4SIzJ0/DjH1KF2ycDIoI7WERt44uG4SJB8ul9PHq1HGSsYxuSQTq67U5wwB+MS29tbu0drGZrm4Rwi4OMa2OTryQMdad4/xuyVLRuE3N60FqzJb3syDILbM8cf5RpG2e7Cq+Ql7GeSwtZI7JT+PMrhEaNQdILHYsTgnGfqO9A7zOH8Kh+XFglxxhpcFmf8C2jB2HqR5+e9Q7hohOlu6m4gt4sJMrDSpySzEHYEk9dztTzxtc2sDvOwmuB+HbAbzeEqNz+Uknc9cZqFxSyuIOD2t1e3FrJCuqT5CGTDadgpLY6ZOcUDd1eWcNyOIRM8k0ZDxoyHS75BUuD+ULuAOuKYv+I3McPy89u8nEGDZkYAkB8NqQfzYAye21ISO5vREZJXDsObNITvFGqgYydsDBAPnTL5u5ZL+SaRPyxOV1SOo2yv+r9qB+9knNjbylY4bWMLHHbK5LlyfEZWHU9wK0HDYIbYLDxJ4uHSXZkkLGPmzoiglAqjaNScb9SxFZ+7mnHEFWK1WyjijEiu7A6FIyS3YyE7k9qf4fcm3tEuZJlWTSCWkUSSSb5IHc7gdelAzxV7Kw4pCtvPJcFLbVcy3HUF1GpR+pqjRiltPJGTHCJ8kYwTg5z+hFXs16xYST/LQSmQySqU5szSdcYO2O+PaoFzHLJZniCFLZZpJURGOpmXCMTjtsTv55oKg814nTSSgcakxuWPQk/2qHOuo7nuMb/2qbO4gIOCsTEOuG3Y7748t81D/wA1UBGWCeIYwaDkisThpY1ULkYG5NLsZl1MhG+xB+9QnchmjSIr5Z6U9bcsSourxE+ME4AHvQaPh/y8i8y+jk0xZRY9Wl3bGd/QdaveFSXF6lsEUQRPHpdgmxGM9B0GRgmszYpzwJA5aNXLMgPiz23rUi7+auI7fmQm2jGW5Z0q4K9WbrpGDtQSWjtryzuEM3KWRNZLrsiL+bHbPQVgONWctvcGLQ5VR1Ix7ftWyvbsp8wbMrLCmkBpRo1k4Awo3YKeg9N6zPFhcPboLhmluJQZSGGD1646g+lBRwkBSjgtnt3ptguSvbpTkiiNtQ2c+dJEbE6tJwTnNBFuLDOGjDAtU6ymmjshazHMSPrjQjcMdic1YWsasAGHQVMFopRxyjqxttQT+BRXzJETKqwyOPxZEyiDHfy3rQcI4DxPissax2UCJgq7iTGo56gVSWYa3i+UWQvAwBKOPCT61uvgr4ssrCCS04lZ6VZNKSL0B86CgPBr+BmkNuzRiQR4DdWPQee9aK4+A+NxcKW9F1HLEU18rG5GM4+1T+A3EHEPiMXiMXER1ouPrIGBtXpfFtacCtJxFGscgKxqW+oDpQfPWLyNnj+TfwHxHV0qW9jetbhhZzrjc43rWX0EU3xHHbyKcTsSdvr9D5V6RecLsrSwjAiSNjEjbH8xG2fsKDwFh4tJyG8jsaamVhFIviB2z+tbT464fEv/ABaQqz7RjSN9RO39atW/hzcjhENz868TOoYMU8OSMkUHmSKMgh9Q86akiLZcDwHcGtJxngd/w52ZzHOgONSDH6is1IzRymKQmM52BH/nmKBkRB3MeASVznH7Vd8GMIeRVgZfCQSvc6tsf1qpQliGWQSHpjvV3wnTFffMNhIo1AdCPrUb7euc0Gp4PE3Gbc26xh5ApcGXxKpQ5ZGz1yR0HSn7fgEvEOJT8Rm5NtFN/lMD4ImxhlZTv658jVbwOZhbsYFAuHkCKwO6LrJYFfPHetzwriPC79mt7uGWNmYQiUNpcgbE+oIABPkaDB8R4Le8DmWe5LW6IhiBciREjPXbrgA6gelZj4mS9urwRiBYeIRKFuI2yOYxwyshGzZBJHrXtfEeEWEXDDLYFmi5jJOr/ia1Bzg5zgY2+9eV/FnDHhvI4YpNMdzGBZszHTvv4u+R0FBRcPtUurd+dNFAsil1llTASTUcqfUbbGl8JtZI7y4guJVkS4HMSQj8NJAcA57qTt6U7wq6ju+FR20MfL4msYaQtg6yh3GOhJA2NXfC7aIW7cdhjuprG3LQ3CAAS2QYbcxP5DjZvPOaD1P+H+j/APEP8Ss7hltrmMCZGfJt5l1B09iCD96puLXrWfD7iLfUJUWRT1zoc6f6VI+DpLaH4Xefh8imJ5cXtsy6SnhLIw7du22DWblvTdcSbmkpHHEzuzDbxZKk/YEUEPhuAj6HDBnZh7HcfuKlDPembS3+XiVhlg6jan6Dp6VygkYooCiiigK4ehrtcPQ0CKKKKDW/aj7UquHpQcoPSj7UHpQJNcpVBoE0HpRRQJ+1H2pVFAmiunGK4BigD0pLbKSOuDSj0pJ+k+1BCbU16SZXARdh55qfZbJ96hBczO32qXAuFBOQfeglPuwOcY9OlY3+IYkktYpmIMfLMMbdWTByWx64xWvLYRmzpwCc+XrWP+LZMcRMzHSoQqpxkO2DnAoMRdXS2dyrO8DXbyanlC6gIT2A7nqcVf2/ERxa3WZzxB1eCO3trYOTLKur/KG2FXO5PrWUlvil+IZbNWkLAQxpjWuQMnHn6VpJLniUTJw3giyCdlJ/DwWXBy2tuigZOB50CeJwG/4jJdPwczOLiK2lt4X3DBARCMbddIz3zVpe8Ek4jf2N1eywci3Z3uQZhyUC7CGNOgwBufTNU83D5OFcnhyXTXXEY1eY8qTA5kjYwG6u+nIz21elX3+FcT4oWt7e4tQbQciQuRyoGYYKg9GcJt5KB3NBAvfl7/i9utnepczGQQRfKhpJpyBqbljACpg6cmmeNrY2t9LFcFDe/NMgiT8TMoJyXfoWAIwBsMCrXhrvDxQ8M4Cba8kVdd3e26lmnBYKkKMfpJJJ27jJ2qFxmHhfA7h4oHsrq8hkeSSNZDy4WBC4Ru+F7/mbegzl9eTSIbC8ijtIBHpnkZNTSlW1+I+XT0qBK0zxJzY3hRCweZ20u2dgFHbtVtFHOyQ3vEbNUHERrhifO8ZLKmR1I22H3qgZXvmurqWQvJp0IrAlhjOW8huOvpQHEZ0uIrcfMySNGmylCVG+zEdzSZjynmjtY5NDDlxrOwDMerEY6DO+K5Cgur9hExWRUAjCHZiCBqPYDGa7c24trcXbsk7TJkSKfFrQ76fIeZoFfOI922lROHK+Nlxztxn9BnGaTNfre3McU7CLh9snL0aPHgfUD/1HH6VAKoOXMzlTPqfQo8WknH2zTtyZLi9SziswjcvTHEhyN++e4Pf0oI/E5DMq3TxIqS6Y4IwcaQAAMevXeoV7NOzlLlua0exbTvjsAe9OXcv/ABqqGyIFCFc5CkYJI9POmbyV350smlXyMkdMedBFmkaSQKza4x9AIxg06HBmaXGBGASMbbUxKAkigvqPr+tPImpXwSW2OM7Cg1Vsbd4EYSZ5icx0I3OO4Ap/nySxRQchraTIKxoR4SFIH/Tv1z51W2yOtvNMOXFEAMF2yTtvpxVlw+G4uoVRIHjRyOYwXMjk9CvoDQW09xKtijwwwwOpNykSKGMQbYM7+bYJwKy1zzp72eSOUmNBrkcDBcjtk++w9KvrqO3eaS1d4Vih1M+k7lsZ2x1/oN6oeISKlqhULIGypkX36fagoJ0wUKlm1Z3PU71JjwETPTODTUrs7tliwBAGRjFOWxUzHmnwadwP60FhZeKXDFQoXJztkVqOHra3kaBZkYvsEB2z6VkoZYokE00CyqWCqrnbPYmtFw03V/LbcPgS35zDJYxaYojnck+39KCfd8MkiXWuoL61Ej0pqDMcg5261orJGBui13aXcEIDalfbRkDOD0zvj2pFxw+GeM3KAckjwleoztv6UFTa3E8UwntZzFKv0tGxDfetdP8AxA4/dW9tDdG2nFvHy42MeCB5nzPrWSFpJDcmMMC3l6Vw6gzDpg0GhtPiJ/8AEI7meIkJnJQ4xmt5c/HHBuJXJkimkt2KqoR07AYAz615JGcRuzZAGM/rVpb3MbqgMYfBAORvQa7ibJfXVuodWjaZM47bivTfiC9RrLh9rGWjjjtUkbIxqZt/6D968VjZuQxsip5bazGxz4gM7ftVxZ/Fl5eXGOJTu5CqiNp+hdsA/uKC84ykchIxqDg7AbnHXFZduAWl7wu54jMJTPb8Tht00kYKvAztn9BVvccRaRFYDU2kkAL1GrBx9s05bPHDwSa0mDpJNxdZE26qlsEB/wDk2PegiWHwdZXksYCtGHxk9Nq03x9/CdOBfDPB74cVZzfKyrGLXVpcrkLkHp13q3+FreCRZolZg8SbMR9LeX616j/FprTh/wAJ8GF7K/4MEgRFA1O5j05BPTGrO1B8iTD4j4feXKRcLkv9MAaWa1k8CL+ZsHfGOppzhXxNFcFoV1RTKmd+m+x388V9FS/CPw8C3CrmKOC8k4eLuSfWQ5QKrPHsdwSK+I7zjxi4tehEIha4doymxA1HA/ag+jvha/gmhRJXlDxqrlkBw5Axj796oPjC54ZJZqZrmYSwoOUWU+FQcODnyJ/evLLT48uAsKRrlkHbINM8c+JJrmGXIaQvMZOY5yemAP3x9qCbJOLW/usrqmjZzC4GFlBzlc+oORWqtOKlOH23GfmpWincW9yxXcgqdLHHY91O2a8/SUXT20KbBIhIS5Ow6kegHUVvvhp+GNf2du6mGS5ZYGhkXEcmsAK7jtj086DXcVu4uE/A4t7hAbqUlmbTgSR9dIx0ODt7YrP8KuTPw6+uoiwb5ZoSrnOy4C49cGoX8ReLyrLa8EhJQ2rMhAXUGOpgCp6jbf2FTOF2LW/wxaXKuxlnmEPJI3XTnU2fUYoLm1ZzaQEjqg7072NN26hYgoOcftTnY0BRRRQFFFFAVw9DXa52oEUV3B8qKDXUUUUHD0rh6V09K4elByiiig4elc+1Krh6UHKD0o+1B6UCaKPtR9qDjUiQ6Yic70s9aRc/5Y96BiIb9KsYVJXYjGemMmoMC6ifSrC3yF+9ASqsaNkkeEncV5/8aXNmTdv8vLLLISAZGK8r/QijqTnc+tehXSmaBo+hIOD5HFeZfGEE03GG4jd3CwwwtNHpXIAyowR796CqXgaqp4h87FZLgmaZjl2OcBY17ttjNT+GS8zgMyRA2nC7eRp5SH0zXk5bZS38oO+P9NVdrf2ctrcy3Fs+pFAhZTltiScE7AZPXtU3h9/azWN2TbQ6bePVHAAWRGVsK7nv16Dqfegf4PdTvbz8SskS3Zjy/mHUKqKR0Dn82Su3XY461Gg+e4hxeKxSJk4UJ3Kctzh3OA7Z6uzYJ26ZrnDbye/trdbj5WHh3Dy8skZGqNGL4yw7scDHeryKaK04nFDw26W2VowW4ncqGeEyDGiNeisAdgN8E0HOGcXnFkw4bJacNhuJJOWXm0EKNjGMAkbA5b1IqDcx8JseIQyCLm2HDU5muOXAmyCwbDe4VR12zXbDiVrHNM/D7VrtpFeOCa7bKxopwF0gYGo75PnTN29xxFr674gqwQyJGzNGihYlB6b/AFFj0x0BoKu7vuJcSae7kjFrHFF4LiZsyRRxkDQvvkgH1qtvo9E0E6qYI5lBFuPpz0BcnqcHcd61drbJPw/mSARWMcgEiEhnEarkJvtnUc465I9aouJxpzZnlhkmUxMI9b76O3X6F33Y9T0oKJbW8aKVuY5gwWDKQHk3w23YDuK7cu9zC0lyVRk0qARuy4+kAbAAfqab4ncXlzaQXMoMUTuVhiVcKyZ3OeuD596jlpWhkBAhBbbG+e23rQS7RIIonM7PJ4dMQC50EjByPIU22mGwt50kKtIXdtP1RgbKPPrnb1FQY3lEkiR51SIw056DPUevWp80sbzmeUu6pHot40x9K9NR798+dBFe0hg4UwmZUu/zIm45RBOSfPYfaolxmeQbLHDBFqGBnUewP3p6+lkeVo3iUh1UFSe+MYqNfyItp4I2LyANM/YsOynyHeggNAGDHUeWdtRGM+f7VIZVE2iMaAuCHB3Ip4xDTDLcGUIVBjU7tI3r6UxGDr8WTgkZxsQaCwteW4dJ5G6HSIuij1P6VZ8LvL2QxvDJchoYmClHACljh2J7e9U9vyy6MSXhbYA/7eVXXD3V4Et5159oZQQhIRpX/NkDsB+9BMe1EHCze8xFjICQwA5ec9SQf5Aep7k7bVQ3yyvbLJzSFycINgB3x+9anir8MEMcl5e5mgjYRxoNlCkaVIHUg4rL8UlLMryyHnMSNCj6RjO/pQVzK+pkZSABkUtmEULNj61x96JQWmVmznGD7U27sz8sLjAyAR1FA5EJGkWMtldHiDb7noPvV1bTO63CBgLfVjIBH2z3GM1SwHlFZYyobYaT1J6irCylSW5gjlblQRZAHUNjc5H6igvuC3qR2l6ZEXktEAzY2dtX1D7bfarOxlktrePickspgMDKyqPCr4JCn3AzWas5Ddtb2pUR6hjQD03P/arjhl/jglzZHGl8u2rdQVIC/rk0GogtnvRKbiAJJn8EoMtuF8IX2qKbWK4t+fGyyop0bHS2eu4pq/mA4Hwie5vZSY2jEz9GjYHAIA3xgqf/AHVK4UzX8dpPdSxoJ5Z8S4AHKAUNIf8AUCT+hoK/5R1yCfEc6SRswxn9qQkbRxsucjO5HY1o0S2W9u4wZbqJWOllAU4DkDHpgLvRecFVVfm3S2sxK6IHRmZgds6lHSgoILjkeIqx0YOv+UHY5pxGOuJdbNpQKXPf6iP6inb2wWCdY47lLnUDpwNIfIxt54qNNaupWQMyKq6nVu+/7UEyyvljtYp5GKTx5QMBtjNaHhl+78PeCNAy27aY0jycDGpuv/SN6xCtoQwuSVxqc+WScVb8E4kkMfLEg5uVViTpBBUg0Gs4dxq8itNMc3KNmxRpcfWwGrV6/wDath8RfGPFvibhlrJ8QJFLDYhtDW50lo2wCWXvkDt2rzqKQTo04jbQjMVTGC2sFCSP1qf8PX1rBLA08bfMR/g6U8WsaSBt57Z+9B6l8b/GXDry24zxLgFqst4nCDZ20Yj8byuAjMp7KF618tWv8JviCXTJcqkWSdaq+oqepyR06ivorgdrBJbRLbo7tCX1ER4bBHhyP5f5vWpXEnSyunWOHl7rIGXq2nALg9MgZ2PWg+QPiDgNzwPiElncljIpwug5/eoQDa9LFjnGkE9a9n/ip8PRfIverO80ryFwxTDOCeu3avKYIiky81DkPjFBK4Wzo8rQBWYBY9LD61Azp+52r0ngPErdOLxT3cSLaQM88IZNTRyhf8gn+Q7kHtWBtYJI7h0VSxdNYdV2AXxE/oMVq+I3Edh8JzcMaMNLO5SK4J3kTQGUj/qXY+1BX20h4vxW6u5yqAyiQaiQUB2P6H+lb20REiseG3X40cdu4cqfz7aGHpg/1rHfw/WOa8JuWadFjKlHXwtknb+lbQ2jR3oYgrFGojiZUwrBTjf1ycUD+Co0agwTZSB1FdHQ05gVwjagRRRRQFFFFAUUUUBRRRQauiiigK4a7XDQJoo+1H2oCij7UUHD0rldPSufagKD0ooPSgQetN3B2C+dO4pi4PjA8hQKg1Y8PXVv7VYRY04z0NQbToT6/wBql2zfVrIxmgXLtG51acL18vWvNf4gJHJfu0tu8gVn5qc3Zttjjy6V6RcEmNgoJPQ47CsP8dwrNII5ZBHzlUO6fnHdD5NnFB5/aAXVzHz4klFqpZoGysZBOe3UbdKlcT4m81xMZuYLJypW2tUCCYA5AVh0UbHf27VHYpfTQWKPpiziMDC8wKDtq7dcU/eRyS3sM8gCNGDDb2UeFKgqQBnzBwcnzzQSOHQ/MiCeZja8NQG4ljXozs2FUE/Uep9MHzqw4bb2acKn4nMpWa2IHKUnJZ84Jz0OOmOmrPaofEbiKC3tYxIJ54HJcahohfYKF9RkkDvvmri3urKK4sbjiMJvrO1czQQNKImYaTmabG532AoJXDltBwwcRup5PmVhMEVrDCP+Kl1alQL2VTkknzqBxW3mk4nxALHDNNAyzTkziTCKCCDtpUajnyqJBdRzzW3FFh+SinnNvFFE7NIUMgBCk+YYnNQ+JXolu7m3t1SCO6mYpbRdTEjeHVj6hgZx3NBW3PEEtgiRkSJAM27aTgE/nZe7b7falMs0aXTcTa6OvxBHwAxONJcHdhv0G21WN7xKK0E/GEULJC6tHCYw41DZC3mdWrYevkKquKfN8Qhubzi73L3zcvwzHLMWzhBjtgZoK+64pcScTFzfyNc3DIEj040BQPCABsCO1JnsZy+ZJZU0xJkAjqdyT6ipfELeaxsYYri8Fw1tg8pAPADvgNjrjqa5KlnJwye4nWGKeNEjjhVmOok9TjvpxQQoIYpfmoYXSFiDJJNI2yRqMdf5ie1NorTzmG1kaZUjLPJKNBIXrjsB/WnUga0gaG6liB0htCjXjbPiHl03priFtLZwQu0sLu8Y1RIfEV36+QOc48qCNMyz6pZIjrnlCIgJ8I/MTSuILFczlFBjjjwkEEbZ1ZHn5Zp17mCHhxa3kDzJGFLsMlXbrpHljA96gQuI1lnfIlUeBQf8snqaCOxdtTaX1k6QinLadhSyZGDK2BpXCsRjfy96dibQktycCVkEab7ID3+570kKs+k8piV8eCfqbPn9qB/h7SRxmYaSgGkkdM9cb1dWV2wJblg3CkMSqjALf8tR+h9arrC3he4YzI8kUKM0cJPhd+328/vVtazNGsQimja7Z9ckmnwRMTsR5sOg8qCNZJDb3Ny8kRe7iYFkePU2rpsOwGareIRRpO0rty1ydCdWdj1PtV5fQTcNtgxvLaKO6HOxkmaVfNj1GTtj1qmaCSJAZon5j5YaiCAvkBQQ52AbUTtjrSFfS7tjLaNI9ya7MmhmVW1KTqCr0pCqRErr4ipz70DmmSGYRhiJF0hvKnIS8uqRpeh2OO2P+xphVeSdnVss51n0AG9P2kLmMwqc6yoyPUNQSornkXUdxHiUaWJB209jUqydrJPlGCqzgHJOcg42qBmNsbYGpsew3z7ZFceVmDSFS0oIIAYbb0F605ks4zckPiAMwU7s2ds+xAq041xZYDY2UagJZMV26OXKls+nl96ykV1iJ7bDOcaFfsvTr59qeOZtETyEa1BRydy22D7bUGzvpFa5tn53MTiKCWJ91jdct4PTLA/cVMXj920U1rNdTzLYOrRzOP8AlkMAh9AT1rEm6aThMVvIdYsWkIQnYozagy/fIqVwriQhuVlYcw8po54H6ToVOo++DQbbiMkfD7Ga7guWkjluBzkT60YrqBiz1UjcD0xVbdrbBbuSG/a7iixLBI8ZVZ4W7Y67HbzFZmXiIThRjLPJACjRmT608Wyj1ByKb/xg/wCHJqklQ205lh801dQPPHWg0Vpb2V4yvDdNEjJmSR7ciGIDzPr03p+0WCRY4liPMfJjFzLy4Rg7tqHXpWftuLXdr/w4nZRqcyFGwk6v1GPLocVLtb1mnhSzl5ts5L4dcoJVA8IH96DfcFlhintrpsNbmOMfgPqwATklW6jqc+Qq5+HOHWyoJZVikjWNVW5UgDUZMqvmCBjb7VkLHjnN4nczhU5gIk0SWuoE4G+O+gqCD0Izmr7h17wManmsI7W41i4VLdnFtcOMAaW30564I60Hsk/w7LBDJcWcfPlUIZAjEaiDvt7H9x5VmuPWlxdzFrhreJtKmVA5A6/0GN8etTeDfxQFmHiueRbWcLrBK2NYViFClW7ajnOr1xVl8RcRmUi5tLu0u7KaMzWyRSKGAIwyAH687nINBgP4oRWsnwxDbwz8yVdiS+xyMeFgMEd8E189X0EUXEpFBdFRjqVvqJDdv2r6P+NObe/DEiG5srGEguI4ctHnGxdPysSdyO4r5/4vrSVkYrNLJlcx/Sp1dPvQTfh6zu51gt7VhrdZFjkPcBDqU/bFI+MjzorOGN5Mww4jGwG4/tuKt+BWMq2svF7KaRo7DlztyskgyeE7eRAP6Vm/iGe54nxZxcNGkpmUPy2wAWG5H33x70Gn+CZLSW44ggkCq8cQBPhKjbUw/etXw15J7FjKzsTIZAznIbc9AfSs5wiyMVlZ6YsSkpF4xgsgO5GO+a1S5QLFlmCkjxHNAqu1zfyrtAkik05SWFAmig0fagKKKKAooooNXRRRQFFFFBzFGK7XD0oOHpXK6enSuUBXD0rtcPSg5QelH2ooOVFb/NYmpJwAT5VGHiYmgkWu0ZJ86lQhTgE7FgT9jUWMucDSmkbbGpcIGkn1oCJir5PUvkevlVD8aWSzcPllR4kMbF2DjrtV8AGkOQcAbY2NMcUhW4tZIZyNDx6Q5GSu5/p1oPCLoix4gbaaJUhcNGY8awmCd8+uxpqC70gi8gM2hWCHR+Lnp4sdulan4j4HxCxvpVd7ZgXBbwePc1kCLf5drqUzag7CRVc6iRtpz2ztQSLCaGxs05bs90QG5bR7gnvv71Jit50uEMzcnUQzEyaXckHCgdgTj261CE4jmikhjitiukRjTqdkHUe+e9O28tvccSZ7yW4lUKGAUlmRehXI3yen3oJFo9vFEssMM05zyo3Vi4jHox6HJxt2zXeDrFHEbq9REVQyIsS+KSQsVGnywST7GkC6vby4+Vt820SMJeTDkJEvhzqP2wB2FTbfiPB4rdVhtHupnMmuQnAK6zoVf5Qe5NBEbiMwgez4ZZhIIbrU87juS2AM9cFgdqYv5ZoIbdF515csTL+JnTzDn6e5OBnJ6CpM900tnNei1BkLHkkIBHBv0TH1HrvUCUXWpJUkZ2cCNQq62UsN1HYud8+QoJHDYrO2tIeI8VlkurxiyiIHI327dBn9agc2a4ZmVo4RLIHOwHXwqFHXIG/2rt0Htr1rG7VFa3iWMrCcBV6kN64/c1HBMeq5ijfS8n4UhXxRpt+3bNBMaSzh4VPGiNc3JuQsZBGSFBG58sYPqaqkhkNyhuHKrpOsK2fGBjc/brT2Viutc65lhGqNUH4can+bz88V21t0uI5GuWbQxjht44wSpOxK7dW2/U0FXOWS3diyCYsRpHkN67GFlvBCCCZsFvT0qTLZNzZ45yEaKPHKfrGM9f8Aqzio6SvGlyqLFy5AAGYAuKBMhcFg6KmrGU/lABGB6U2s0mWYLo1ZC5HbFKVI+U0jNIDgqD0DbUmKSQMgBGFPUgHA70FvasgilSVwfpPXGScDT9/71a8GlsrJbm5vdT6FxGEIDO46ew2HTc9qorcY0PGGJaTIbrq6Z27VMVIkzJz44pXkGl3OoLgeX9qAubi4uSwcB2EySawviY4+k56ACol64yI9TMqknbqvv5iru/u4PlVtLLTApUGe4kXS8zldwPIdKruIriN7eBYmwN3Vss22evvmgq2IJIzuNjSIMpB03yc5oXAYhz43OwHtXJpVSHSvibOTj1BAoOwg8kyBQgVh4VO5OcH7U/ZcxuYVJR+uodRjIxj71BLkucg4OTGvm3f9qlHMbkxkltLHA9e1BKkjk+WiMUQUyYhVidz51DmGTK5CsBgAgYzUt5miUWznwxtrXG7Akf71HmjiflujGTWWJI2KYG21BZ2ytLxBZIUAHhkWNxsDqAKmoLyvl1YtylY743TBHh9utP27TLIpbfU2QRtpAIO9JGlbiWRYyjOoMiM2VbJxgevWgftYwZ2jcEAI0iNncgDVj2BqQIXkRbyCQJcxkNLCNz18TDzGDg+1RkaO4upOXqIEZKEjrtjBp3h0mmG5hCMEIV49iCrZwQT5dTjvQRZpEaNolkLsQJN91c6iRjypuRyZ4sYcOPGh6Ad6lKhhwpiRpMlGDLpK43qtlV0cuSSzhhGAO4oJM9wxmYrpRc4O1PWHEDbrNywUM4KhgxKoO/TocAr+lQmEsnhGAOUWGR9WBvS4erSLnBDPoDAAEdv0JOKDUcHvHg4vaJFfLDCv/OySquwwCc/lBIGmru15I4uCsr2Mwd40ht2ZuW66Sdxs6ZGcdaxXBElnl0OqxJiMZJ3RQ48eD5H9hvXpHAbO0Wwl4bxO2ae3mkZl4jYqQ8Ui/mUdNsZ07HY70EO/4rdx3yR8UWeC+RhE4YDEsZOwLDZhvlSR6ZqRDxW5WSG3sp00RvqS2m8CnO7IVOysTuCNqtYuFpf2n+HHicLWQBWN+XzIRJjwyKT4gjHZk6qc7dKqviZhaSC04jHHqhiwSqacZYaSpOzAEfvQTZuP3LcLu7VX5KSx5mtiMsowcspP1ZOM47V5vJavDbQvC1wzoQ5jwMLhh69ME1ubGW6XXb8o3XJUyLzcakjP51x1XfesuLdH4tBK8ifLMzRrJCMEZIPiz/4aDb/AN1a8OdpLi0cWlxw+TAljOo6ZCTjBwRuT6EV51AbOXjPzCJgQusrxNvksdiD323r0B0lg+GFjkl5wE76yjgNExAOtB7DLJ3B2rBcCjdJHaaJ5IGAjD40sH8gKD0zgqlrdZeaxjgUQLlcbjcN9z/Wpo65IqDwOOaHhdus5y+Cck9fcVPoOjpRRRQB6VwE967RigScUnsa6ck1wdDQFFGDRg0BRRRQauiiigKKKKAooooOHpSBSz0pNAUUUUHD0rldPSuUCJfoOOtMw96el2Un0pm33zQPpsDj707Dhn3yVHlSIx5GpEaAZJIJ7Y2oOxjDkucJ+WicfiBgA3h6HpXVHiPquKSqDBUMGOepO3tQVHHbXESzrDzZEVkbT4mdCD+4rx7ilgy37XISdmUHWApCfcV7yVKrnQitnt0IrKfE/DbSaKZflvGyDxhiuCSehHWg8YSCXmpeG1SCFm5anXsTnrntjrUmGSW3Fyol1zSLzJuVjIPYah7Vd3Fjb2CIk0Mt1b6iFhiXC5xgas79aoraGNQjvA0kcxIUo2EXBzsB1I9aDrz2x4e9vFzEkuIubPgk6mB8K5Bos5m0NFFblZxDrBCkIq9yf2yT+lMkw/LYilRnIUBGABJ/2xSEvZ2hmWOGNfmNSsQdWsgbL+oNBouGzQxqy3KsNEYJk04CjSML5L9TYx6VS3lzJaW0Mhme2t8kW6A4aOPuQP5jkb+tIRpLi1ESuTDyS1wFcKM4Ydz22pu4azIhl1GeC1Clw4wGfAAUZ3I2z60FjDFFc27393IFNvpVlQY5hfIUE9zgHPlTNzfGHhM1uHL/Mpli6+EqM6VyN9q7BLJa3PETIUFnFqeIMp2dtht/Mcn/5GmOHRqizzTTDlWgGvGDqcqfBg+uOlAi1YRWbpzFDSgxgyR5OW+qQ/wBB5Ung3EF4TbvcWTkcQRSYpn3W2A8LOnbWfPsK7xhhNxWaeGRoSqCUoqgAMQO33FMW7Q2l0JJEkniiRhOxOlX2Ixj3oIanWhjMhLvGsjMzeI5bO3n96jGRjMQCXUvpbUgUevSn7hSqZCIxKqpbHVvId+lRtbFZea67kHwjZd6BV8I1dRDqdSOhPhB9K5ApaXAj1nD4PlnpSk5bW55kcccYOTsdbN2/tXLfVmRRJpwM6hQWnCpfl5HmmcIpjOtoz49WdgM1NkiVnS3/AOYZAyI+CGzjy71Vwj5gBEVNW+WByc9jpq+4VBNd3lrF801uwSN8Zw7kHxY7YAyc0C4eVZi5k4haie7TQI5bg6hCqnOlR0LE4yT0FVkt1z4HuoIo0M7kDDAhV27epJrS8XksUuRw+2038YkFxcTRDTzHIHhJPX2HnWc4ji7QSpbtbWucB40+sZGQuOp3/eggWkJe1lMdur6V1M7DADZ6/wBKjzmNG+pX0/UyjGrbofvU/iHJsxcWtuZwjAK4fqcfUv60xfBIbVTMojZgCVVcrjtjFBBjiVwZNYRUAKgnuTSoHLKWQupc6fPBFM3DGSEEo4UNgZXHsf1qan+dHCjqCpZ2IHtvQNyyM6cwgBogc79TQkJzE0dsqvrGPF9WQDTjWiOjmV4wzKScHfOO9TOGpbPC0t5I6/8ADF0KD8ynbP6UEVYzHfgMzvmQA4/MNsilqGjguYAEYxSqVdupUsP6UmV+ZeSGGVggXSCVO5xv/Wnrh1WSWcEoN0YEbnG+f2oEWUyx2sazl8x6gWXc6eoqQHMccwkUssmG+shSo3BHqKg2oaWAspC6yq6h9RwMn9qVaF2QBhkrsY8/SM74+1BZ3bLcQI7yM0jgS62Az6j9qhgtNZI6xs3y7szbbqCe9GhebHzZfwnj06lHQ6ts1yOS5tb7Cu5kU/iNpwJFzsDQdtEFxZiEoY5Ed1Ei5JJO4FTeGBWszbmLmc0A6lXDBgdyAPaoAvBBxBJUkLIWOWH05/3qwtEc+CO4bxrqlYZAAJOFz5ef3oLKc3dr+Bc2yvGccyePbWcbEHscD2JFa34RvriVhDeCKb5yMyWnEo8q7sPHg4OksDkEEA4NUKTLcW1s1xFptoSvzARdBUfSCB3yvQ+lbz4ams7F2WwvOH3MaFob3mQYUrkDMkfngj8RPSgiSwJZxJIkk5tJxzpI4AwBXR4ZVz4Tv1GxG3lVLxmTiE1rbtcvb3tlzGIMyn8FRsyN3BPUkdwK1V5eX3D4r3hVtY8MnNux0bmO4jHeMqThupP+rA86ytzHbzwu3zbw8xSys+RG6jbQ2OhO+G88UHJH/wAOhigST/gZMwRSkHXbt2DDrpyRvvWXTAkaGEhblJAdCEFJYteTv0Oxqw4nLLAyOFGmWQFSp1oCB+VuwBxqHck1D5AuJoHjCCKRgoV1xoB+pAR270G6gh5HwNdXiSfMNZXKCVmIVwmnwt/qKY0+dZv4bt4uIXa3FoqRpFM5fPdfTNaSM/8A8juOGXEJDXULTRsJAACEypA/Mh+nzGB3qv8Ah6BZUguIYhqIc6Suxwd8eoG9BoofBBpUbds9q6KIvox5UrFAUUUUBRRQaDhIrgFA60oUBtST1rp60CgQwP6iilSHce1FBqaKKKAooooCiiigKSRSq4aBNFFFBw9K5XSdq5QN3WeXtTduoA2+9OXBOQvbGa5BgA+9BIhAPhzue1Pp3HlUeIgSqc7AU6j+NvU0DwR+oXO21NCICQGQBT1AB6mnlcjA7UzcPJzAQo9KBwsGXUviGe1QrgQEvE6a0ZgSp/tUi3dlBUdQQQMeu9cnVZWLFCv7UGb43wqFjJoaW3O/M5ajD7bZBrIca4S8c8UsE0riCJ3jcRBCCASR5HpXpLQtJIWkDlS+5J9Bio89n8xDNbTEtFIdgTumVINB4fcJJbIFuuHhGV9cssYwzYGSp+3X3qtRHLwloxCD41TOMEb/AL5r2TivAbS6je4iRtJy0kf5sjAz7YzWE4x8PTDN5ymPNDFGx/lkYwMfY0GOa3n1RI4UM41aFGScnfbv96esxAuZZpFkKsysX/5e2B7/ANqfkZYmDyT8shySuMHyxny9KhROq2k4/FeSRmI0PgEnqcevagltPJd3spkuUjblDVIe4G+QOh6UI8dzNGLSGCGK3iVFd2P4pYHxN5tgnFQ5Xne0/CVUDAAkHxjtvTSO8Ekk5ctLpRYgTgZI/tQPxwzNdTyzcpWYKTl8lRgHp06DFTOOcMWyNlK92zS3SPK+fpjBYEZ+29Q2HysBFwmvW6lFz4gNyWPqSf2qWySX/FbSESAScxEIbfDNsxPp0oI3EYkjlkI0S6Z1zKgwWyNgM1AniZleMYVUBP1jSPf1qy4ifxRA9s7rBI4OHyGbs5I7dvaoE8gFuQQupmAXAznff9OxoIKhEnxNnIwfCCdZO2KfUFIwxxHIzY8PULmuBVxG0Zm0oSWbVu+dsCnYgFldAcSY3ZtyBQTeHMhlDQTCA7a5c+IrnftVylxDHFbvEjvMyHkxt42CggDJ8yBVA66kYSRjDj6OhGO9X3CJI0dLqPTHGDhifrYhR/UZ6dBQddLVL15b+OaOKKRtcUAwzEqOh6YJxUJ7+f51Z4IbZWhbmKufDGx6DHc9ansJZLKyt7W1dpJ3l0qCfxNRyCM74881FuLGWzZbFZoTOUJkeLBWJiPESe5Cg9M9aCJaQW/zUvzE87KyBIQqgSSNqGQB1HfekXDQzCeJLY2kcbECIMcA/wCpj61MaMWvFpJbadVWNgnMbDSAkHUwHnsabubiwMpgNpMV17Qs2OYxwdT98dTQUlyV+XaEM0knUHBwMeprtllJ57lm2jXBBHmdjUqaWJ4pY5xlejiMbegB6moqMwEsaoxCqCQdjpoHQpuFiYM7EKBIzR4CknYVNDrDa40lioKmQfSMvnHvgGo1pIIpCJHl1LHqCZzqJO2/p/au3EUy2sPjIifPKGdmIJOsigfnvDKj4YKdZwFG5qIz6IHDStI47MOu3/b96aRXikaSORCzdf8ASaS7u2pmJPnQSIm5SCSTYZdsD2wK7bnNz4+nMzj/AEkV0zCJCcZwo3O+Cev74qNNG62wl1FX28I6k4x/XFBPiuAyXcrqTESEVcf5fr/Wu3cskqiKSZpGXClm8JAxkdPOo8SqdcsrMUbr6dd6cSJRcMzs7KV2GO2Dlvtmg7NHKyjKx6wfDkYZNv0NXHD2S1MMhQumpVkLDd+uTgdAc42qF8pJfREW+lWQDOUySvc7+lOTRcmFJYSxTBAVmzr27A9N6DQfDsaOAYpIZXgnjUCTITkMTrDg/kG4+1aOKDhMXFIo7aae0QNKkse0xgTGAQ3/ADUZeo6gBT2rP8NSMSwyqYree2cKpckaxv8AgN2OrOQem+9Wd01ld8HuGa1lhuopn+UeOQK0OMfhk9xqwd/t5UGu+Jr0znhF5xWytOI3NvauiTKf/wByFSArK4/MvbO4zWQubvaaS0iEEMin8KZSTGc6pFHmM4IH+1Km4gstlDZXlssUfMM9uy5LRyMMFgB+U7lgPKqriLXcLctWRpUIQKk20m22M9Q3b1oO2sjLJDxO0SM2ksr8+3Yko+DuQOqnr70rhdobe7dLS7EKyIZYIdPMcHVspLbddts7VWwXItWuUhaYKznMfR4z5+v2rT2bWt/w35Wfhst/d80llRiiHpvjscdxtQaz4W0Q8GvIGSKeSxiW9toHj56vpYaxH3UHUwZc7HBqNw65huLa4iWGSORZGZtJzpOepx01KMnzq44BDf8AD4FuLayZOI2WhjapKrZUiPLqOpQ58QO4O9NcZW1ZxoVYblE5VyE8AkdSdwO/nQQ4/pz50quJ9Cj0rtAUUUUBRRRQGBSWPlSj0pOPQ0HMmjV61zHvSdPoaBR3OaK6OlFBqqKKKAooooCiiigK4eldrh6UHD0pNKPSk0BiuHYUb0HOOlAxMSZF/T96VDpwcnfO1NEs0mT0A2qRHGoAJBzjegWgywHalwgkISfqJGaVEqsRpjlJHtS4lUOF7KCR70C1jPTmD9KANOlVdcsdifOu6lGA35jjNcP+YyblnwFcKMLQIUFZzpVkP5vFu59KUrZJ1NlCO/1A+RpennCNXbDDKs/8vrUeXXA0uVEsi+EP11LQLEYSZQja9fVfKo8o0yMDtUkYOGB1bfSei5G9MXERwDGcgncSHb7UEdokabmo2mXGMdj6VDvbCCeCRDC5DnLqW6Gp8qZTQw1LnVjPeiVo5LZTHIw7FXGN++KDzbjPwpZXE0ocMIz3AyVNZLifBrm2vFhaQAw7o4QaSOwPrXtV1EspTOkbdMdaoeK2Ftc/gXMZkZCNIj/OO/6UHjJR44k0ayWkJYsuBkHt6VDaQQ5neMvqY7lSQCOmK9J49wERRCRIRcIG/CeJtDj/AEsD1rPXXAZ0t2E6KiO2xXLEZ8x2oMzczcyVHORHgEA7sxG+/pTvz3LcBZNALM8smMs+39KTcQ6LhogrERHTnHXG9RGQvbB42HM1Ff8Ap3FBNilkSIWkA+XjGHeQgB3XrjyGOwovLK2FoZWuGgA3RAoLepOKiR4a6DapHjdgq8w7Zp+7EKEqWA0Rso0DIyTtmgIIokDM2pkWPJAHbzNMxImoFY8MqlhnqT2qQZtVoAzqWUEO5OnAA2X13x+tRUkwztkajsR5elBNtgk14ZJAz48ICnG+KsLUJbLCjuqPGVVpGGUJ6gY889T36VVwJrkI1hQEyd8b1d2T28LiOZPmRbIHKdFdyfDk9lHU+1BNtWu76VbeL5gkygTuF0lYjhQAewwDncUni9nZwRW7Pc28iyozvBatrKKOkbuf1wO3ely3PEF+Hxw8InKuLgSSkHBfK6VXV1x0JHekvb8LsorW2uC93Fbq6sIVwkz7gYPUkdST2FBXcRht1suSoWYxqGW46gRvggtjqwyRUC5VZXXmySMX0jTnBlIGNR/lWr+5uGveRe3y6IwoFvawgjLflb7KBj1IqBaXPy0HEbq4ijmvpQEMsgz8uD1AA6t+woK9JrCCNWurXnyJ9MHMKxYAOCT1Y000qyWUisyFZm1yxJHjCjoAeuKfu4JTPyLtpIxgFy5DMi+w74P2pNm8Pz0c8UEksayjCM31KBjJ8h1oIM3PW5EjQFU0goF6gDpSodc8ZYly4yqnqBgZJ+3Spd38zdXU3PeRLiVsDCgKMb4PlgY96YeJNDW9q3OkeUKrAEBQu5/89KCPMXdw0BWVmGp+g9qRI7RudamP6cZHrTzJEkUgDksWLK+k9ARj+9NkqruZWzuFOrfGe36UD0Ui6XVvFzRlz/K3Y/0p265VwsawSBeXCqM/dmORn9ajM4V0KIWXJ1nAGMV2NmgJ5Y5io3iHmD3oCC4SCE7yYRdLr1DNmrFFgWJmWX6gpG+SEPWoLtHA7JF+KmNS6htv2pdiDBbdFZMNrB6qOuxoLVCk8TK0pilUHUVG0g6YB/mxjH2pln56SJOzNIAAkuoBhg9xSrfTl4lnTLhWaOX6WwBhwezZFMS27CZ0jPNjk2DNuVYb9e4oLfh80TJPbRuZJJpC+kMME4BIIPf1q14RbSS281rw4Gd+WZJISfEYiBl1zvkEbrv0rKfMRXL601x3IIWNl+kY+rHrV3BxNfkxexwtDdI4bwuQNeNOvz36MvTvQcT5niEPyommW7Ej+B1K6T9Xhbtk7g09xG4tbyzQTAi7jGGlAw0bDOEdP5DjYjoah2t1ksyyskrBYm3O5LaTpJ70pWlW7ecE6rdV5xYeNFxg6v51oO8T/HImeJ0DZNtPARpbO+k9x061suHWd3c8Bhu+GTG7WIhljfw3MedmhY+/0uMg9DisZw1bNecbWSWRWk1QaYjyzuC22epGceVbH4cuImsnmRwCpeFQQVRbcMg0nvnxNg9jQa34UnsZviWzeC5jtrqOAwxTrNy0u1UAYYtukg+k9iV9akfEa3HzSJc3jTyRqTE0sOiTl99RHVu2e9N8ItcA8Ts1t4ysqmWXklpobjGlg6fSYzhQzAd8+tTfi7ilvxaJHltJrW/ZP/12OEzqJLI3sM6ftQU6dAR0xXa4h8CjUx2/NXaAooooCiiigKKKKDmK5j3pVFAnHoaKVRQaeiiigKKKKAooooCuHpXa4elBw9K5XftXKApEhIB9qVUa+cqg0nBzQCbnfvUmMnGD2qPFpIUnrUhMZ38v3oHEJVg6gnTgmla/xNX05HQ9q4dOvCHwOux9RSGDc0ByCuNyvvQS1DaACPCd84roQOwVSd9snAplTEfChlBA2BpyEJPGIZMqzP4Wx396BDMDOIdJ3B0kfmxSJVNwqyF+XcxoPD0Lb7j3xT+oFAXYDfAIG6EVyROWqEmJllBJkxuDigiJK3LLCPSpbSXH1E+tKYFVRNnUtlwTsPX3pNyocqyrgybhc7f7Uy34blCjBlzqA6jHXagckP1Y0qMbEVHllWQeNMBsAE/kxXJJWJZZCxT8pHY9gaaEuq2IKaC40Mp6gg/V7UElzGkB5inRjGv3qDcIiSwSxqWQAgk1Ljj0RqrSB1P1HtgUgKAr6XUZyVB3B2oKw28crNlA7Qg6fXI/tmoS27vrhbwBvCS652PvVu8YLlk087SQRUSKSUu0UjKNJ321ZHcZoMl8RcAs5ImuII4y7xaWOg4D9OgrBXHAruIsgiZtDM7LpGnGev8AWvZLpV1SAIVLDwvE2MjuMeeKzfFuHWovbtrORgXiU6WBDSNkk70HlF4k2iNTkkEFxp228q5MVYlQZY12OT3rX8U4LdW6sxB5qYOjffJz7Gs9xCGNXWSOYSauqrt9sd6CHrSRpEkIjURFmXAIHTGD5mmFiLLJJrAJdcb+dS5Ug+W0wqUTUQARu3eklVVhGqhYgceJ/wAx86DkTMjFW3aTYN2wB0qxR5Ht8RujNcsQgOQGUflI8v8AeoEwX5gR5JiPhUdRk9xUhlb5bnM++RHHpOOnb0wM5oLk3yqYCm0UWCHdsZIU5GP9OB+lOWHCBPZ/MPKqiWINrLYK+H6cnbUQO3nUCNyjkoFSbZY8qGAUjDHJ9+tWcF1BdmG3e5dOHriOFg/4jgnT0x9RHSgXYSw3nFbfiXEI3dUj0i1hJBncKERR5KfCSfJaYsbeBOLCS7uFj+qSVm/yYSM7AH6sHP7V1rmTH/DhoIlkW3Qs4DnIO+rsDjG3pU+/4G/D4rG2vWt7jid0dcVoj6lh8IADnvsCxHrQUrRLexTSQ+CSSRU5kjb5CZbPnsKZh5f+Es8vMjku5AMqoOmMalwP+og1oLfgKrwh+INJHFaRiRFldCEuZgBqMZ7qOm1VlnFz7l4bdTLpeG2icDIydWcexbNBW8UEUtkltBBzbqSdpZCGOMbAKT36YqK0UcMq2ayGSYpquGH0quM4GPTb71ef4fE1zHw+yy8lzcxwSMpIVcEDA9zk/amOIcPPDHurSN0ctNyhL05ixgnw5/LsBnuaCng0T34aRUSJXDOgU5KLv/f9qYuY0M11IiNgyE7A4zuBVjdwu5+ZiGCqBpJR0LP9S/06U3NE3JnaRNL8sToNWwyDlj5g5oKiYTDop3zj13qS0cqyB8EEqMqw61MkMcMMaBcM4D5b83njypmdjCZsIQdS6VOWI743oOTxW4hDBWSRmGoZ2xmuo+suF1GRTiMjGGGNx+lNagyhx0dsnJ2yO1dCGOcyopCpJqBAyDt0NAvmyNEdahg2x0vvj7VJZypjldZkVMFcHqOnlTNsFM/NkV0tmJDPGvijbyPoakCGQQA6+WxTUxlclQPL9KDiRLcalWK4RioYaV3Rj1P6VNSJTYzPPO0N1ssYUAZYHOfuN6VYxq9rLNDcI92rLp0eHOMZG+xqYyyXyG4tkhlhkJkliLZdVAwGGd/0oIdjFDLNMxiQwkj5h3YRuCTlShqbOs6S3cZeaQNjRJEmWEZ8z0b2qvaG5iaSa5L6rUDWgAZMdtQ6g7+W1aThvCVvIppYOJfKuFEyxANhkIHijYHxDzHXagY4WnDYz8ulzeSTSxiSeOO2OI8b6xGcHY77VoOC2sQ40v8AicaNwy8cJI9s+IZTJ4Q/nESP1aqrgNpevIJRPFdR6Dc2zNKys+jOeTKejeaN1ya0szXVlwaDjMfDEvLeVmhmuI4wOYuc8qePoHPTbfOCKDb/AABZ8Ou+CXFtJxBDcq8kMXNAZlmUAmHcZKuvY48u1UXF7a9suVFao0ltJJrhIl1rIp8LBQ304PYVKsBYw8TjkZrKSGSGOe2EWtc+IjRIxOzeEDUOjKNiCRVvx6aG1luOFSQyXsDhZ4knbTLCx3I1L4Tj7ZoMyo2GRpPcE9KVSF0HOxGOxGSN/Ol0BRRRQFFFFAUUUUBRRRQFFFFBp6KKKAooooCiiigKKKKDhIpLda63WuUHOu1QJ3El0sYI2Iz+tSrqcQrnGWPSq+zBe6Lt3oLNT2wMD0pZHhyOuaQOtLH00HU3ZVI8Kg4HvUiKJcEqjDB3y2aYQEP4gcEZFTYwpgYA+JsA7+tA0GZZcqEAA3JHQ11TzQsLI2oeNWG2aSglBQSIQAxBOOooutKFZYmkXByVzud6BTuihJJVYruJAB9v6VHUrAVhcvJGJNKtjse371JZ9LB2cNC5BbWN0B2pjMkKPGykoUGoZGck/UD/AOdKBiWICNi7sInfLRt1jI6HNInjMgdpCRcrrJcH/OU9B5UuYqjSEfRpCjG+oHsc9R70xIU+WMQ8TIwdEBxoAOSKCMkyyataNy2A1qOsbDuf2pmaT8TQjZ1DYY611zMGeWNlaF93QdR/4KjGdkaGQJhCxDkj6c9KCVBPptAsjZIJEi4304pa8rQOSSqkbZ7VGTTpwzKJJMkAnIOOn2rsIZGKyKI8jIK9G7ZFBKljZkWMjl5+lycZqMIbmEFtYC5wWwMVKmKLEglO4GdTbkZ2pmQwLhXkMoYZCkZ/8NBGlVnGvMZePB1rkYU9iPWq68tBPqkLKgbwbjqp6n96sLstEjNEutNvBIcE+YGNqQjySZaNSMqco6A4++aDP8UheeWFjpeOA6DpTBIxjbJqi4vwAfKNHFHH4TmORF7+R8j61tZYBICgfAzlkbZR69Kgz2j6JI0eEAHB0HoD96DySexkjeRljbDsFc9QvrUNkad/CrYCnR2L47H12616fxjhyTWZht42hlnfGepzsKw/HbZrCQRFZsF/C7KRt5+1BUd9A8J1gjO5XYZp4oo0aZcZJxJnIHnt50i73XcIP6mkooCMxCgNsRp6CgteHMLqfU9u8tvCC7ofCCoX6c9gTufvUzhNxGLj5iZlSWA+ABAREWGAwHmcjA7daohJzMtEWjjMWgBerbnAI96sIpYo5TPnVqiBcMoJGO+KCbLYLZSJBcs0rKqPKq5EcQG4Vj+Ykdffare5uXjWe4Z43lkhD4ZSDJzW+hQcEeEY1D8tU99OkgSGWeRiChZgS2o99vY4FX3HOJcOihii4fCsUcBLSXDjVJKdGI2JP5VzjA9aBXHb664g3D47i8jukgR25C+GGBF05cDoqArgD82M96r7OWcq7QwtCkIaaKMrpZUwV1+51E/pTHBZVN1FAw58StraBELNOV3XV5IDnAOxwaakvZrm7eS4ZxcyhhNKDqQAOGZQO4wNhQWcMc8XAobxEhBVjbW+CwkLqVCE+u7VU31jC4YPecz5OBuaXXfV0CLjfTnc1cPKzcHggi1raQXEkw5hAkLaUIB8yQftk+VUQdGhFy8n+dOylo/qVMg/70CTMz8M4XGItUkLGZ8ba1JwB9q7KvL4hYw3ABjijjQMoB1RsCcE+mcUi4+YM7NCSVjCoiMBqwzkqfXNIvHMV9AnLUG2IU6TkPpA/TegiXEarbKA2vlSOxU9QmRiu3UNs17CmWkQxKHCjxMuOgJ/N6/70qeZJLRYniV3SRsFdsqen6ZIHvSb3Tb3auhlDLoKHGMYI2996BuSKO2aRXZZYQpeNsY1KTjcdmXy9KQhS2FzDJJqGzRuPzD/AOqnX8Wm4vC7jRqJBY5UBlDBsY9d6jKs98XmkKvFEgQgbBT0GaBlQOZNEt3y45GGVY4xuDnb0pyMxpGj3SRSq+pBICftjFR7cKYSxJEjMUwq/XgZx+lSZi7W89vceFImULthQcEb47GgmrPJBLGJA3IC8zSpGEGpdx5+oq2+HIxxCaJPm4oppZTLHrGInceR/L6jv+9Znh85xHEedjUeT3YY0k/fAJGauZo0JiNnpVJm1yxZ3DDqqHyYHb70FsDBfGS2nRrbikVwMyn+XoyuO+Pvkb9aubbgFxZiThwtLWK5hjJmhuiVUqfFiNx2YeJT0PSqGCOKae1S9kaOYKPlLgttKoyQj47jB8XWtBdcd41FaWzyJZnEKWya3yo05bSc9VyxAPt5UC+ETBYyJeHPDwu4Zcq7MeXIuyMCNxg9cbYOD0zWnnt7aK1me3t7y0e8sna7tnbWtwoIYNpXGGKasHzSqjh0pf4bujbMyMJgY4pMrLbtIWJI8x9IPXY1pvhu7tPiRuC3FzeQ23FLaImCcrlio1LymQdYw7Luemph0FBN4DY20nwzPw7iFrd3kdm5IeEqZliOGQnO5yuo+5+9K+LIbKJYWs5Y+JozCRLgvh07FWQdNPnnrTXwvk3l1O4mt5rcELDGxDWkkT7IB1IAJG/hK4U9Kj8ckhmumlt3XQxJikiUBXTUTp9CCd6CuHVv9RFKrn2rtAUUUUBRRRQFFFFAUUUUBRRRQaeiiigKKKKAooooCiiig4QKQxA79qcPSqzjdzyoORGw1t270EbiFwZJcKcqowDTtnsgcfUarI1ZcKxJJOMmre3iKqu3QjegmAgAatjjfan4E1HxKdPnTYDMjFSAN+oqVAh5IHPffy6UDmAEAUb5x57UqLZHP8u5pMbNEfDuM753z61ITxB+mWx260DLOrFXhkZW04ZT3FNSKkqyRkMGC5QipWynPhG2DnypGWhJYqB74NBCtwV0F01hd9OoHmA7bUSYkjRDiQ4YLkbJ129xSnVQyrGEUHDYGxG+dvv1zUeNpNRVVyyHJUdc53H6UCJdbTGQICCuGUnoR0qPPFC6ie3YpOpw6YyCO/23qWY3fVPGD+GQXjPYevpUG6kV5CIXaG4ONDYyAM9PagbuGVjhEEDhNQKnIPr+tIJRozFIFLsNJZjgEnvS1fmxy45aS6MOFz4998fpTUkaOxaRVYElSpByoA3/AHxQQxpt7oROo1BTgr9JHffyqzgaOXSudahOnYH0qBcRyJz0kiUW4Cqh77+3vTdqJo5goDGPHhQnb3oLCfTrSRZWKqMEsoIb0qLOcENA6nJ3QgDNOiNo7dl1B9wwGRt5imBJHM66ETc6QNOMmg6HaRWVVBGcFWIwT5e1Mg4dDCpSQtpCn6ftXIl8QcjEh1Bi3TA7e9MySlpmYgxrJgAnsaB2WR3bE6AgtjIPXzppkSN3uFijwcKfCKAS7Ny2Adx0foMftvXCHwA8MnMB3A6YoEODczAjTzFUlSR4T6VQ/GnDReWUczKrzINGST4fL7Vo42jeTWVwF+29QL7WbSXmDIOQzY6jyxQeS39lLa3JS6QiRDjrtUWYDSyOcAjJwc7edei/EvB0ngknt1HMTxMzkkMuOg9awfELSSCfEqLGCo0uvcHofagbt5FiXdfDKNO/VRjqKdRIIEE0DvHCo09NTSZ7b1G0nKtuJDldJ6EV3mH5VtYKxJgDzO/agsIyRMDI7oQ6u8hHRMjt+tS4Wt5FlumLG2ikxFG2dTqR9JHvVdITPebswbSo0nqRTsdxDy2Miy6F8SKg+rY4oLFJ542M1o3IhacxlwMan7jPcKGHpTnErlY+IRf4YkcdvZuIocjIPhzrb1Jy2PKqt5uZd29obgmFAQEjH0jOWJ9TkipUUtvBdLboY5YiC8pGcMNGx/6sn9xQN3Fwz20zxgqsbmbmOSdUmMbeWcjHtTUjQNbCa1SQMXKsvMyclSe4qO6k8PaTmvvEXCfkyCdz7g1O4dw97ppLeKZIlSIXBY75VYxqx+pFAviMfLtodIJnRpI0csQ2F04XP/uptbcRcTltjak/MWpcQu+6toJznzxXb67mksoVWIyLE7MRpI3BXfP/ALP3onMklwZ7ebmMFSWVn6hjHuAe4BOKCBw25eO8dwFYlEIZkyDg7belOXSo8iXUAkMZwjwudXKcYzv69RUaAqbqQKCy6y5A8h/3xSY5Jk548SSPGAxHVmJ2/p+1BOgdZUXVltPKEh8wF0b/AKim+F3a29xdQyIzQ3UYUggfWjA/qNNct3KR82OPm6GAaPprHcfrSZIEAeO2kDJJGJoxncP1Kn96CM8Srb6YmwVk5mtvLBB/YfvRds+tuYEmVwsbrjBPcH9MVyGUPA8crDwkahjod80Fg0qGIajgOV9gaCfwYana2kkUcwaYJvzJJnYn02wasrZIZmubWaxYrHpuHZDiaAICpC9jg7kd+1UVrAt1lYSYRL4opHYkAgZ0sO2d6urK6uDxkXMUjnnR6yAuojSuGyPzAEEbf3oLAG4uJOG8N+ZhW2FwXgmlXCZZQoOB0yVGx71Ns15qm0vTbqIyhtI5DuskbktA2P5sNg+tU0MhMEeluQ0TSTa8a9C5yGXsc77dqtLGKfjNvLEZora/itFEOrxC+dclF9H3yGOM6hnqKC91xXnxGnEo7h4OGXUhhVuXh7USYCq4z0Vhp1VdcM4TJGzm7jaG8tLqVBJbppMWolZA4G5TIO/ng96ruFXMU3Aw+lk4hoaDIXSWVm1shU7MU+oHfbPenrHi8V9PJx65v57KdLiQyXCRBllZPyj/AKtQGD55oLzh11dzxx8cEjJcz3Sxm4TB5gAKqWA6glRnPWi6W35spht2t3Z/xovyBs5LIOm/WonDbGTh0dnPJqj+ahKSKXA0sja00rnbY/vUuWTmsXOvPfX1oEUUUUBRRRQFFFFAUUUUBRRRQFFFFBp6KKKAooooCiiigKGBUgEdaKKCJxC8S1Q6saiNsnGDWdEjPI8krZOevpRRQS4snBAyPOreLBUA9M0UUEqAEMwG4GSB51KhTC7dWOSM5waKKBTKQwDDBNORuisI1kGoeeaKKBU6aMiVUOrbVnoTTKBtUuSjOB4SP+9FFBGuMLsTolLbN39qYuzmUSGKZLlF1MUIxgUUUEOG/Xlid3aSKcaZQo3iwe/euSlNbRNG4bOUOD0oooGuV4ItioL4DjoR1xTjTa4QUAd/HjOemaKKBgpG8YEbshTOtS25B69ajukgGkgsnVSBjI96KKCKMiRSzsEc4Q57+X/3TmhZXlZcpgAZH5W6f7UUUCGiZ5rgKShGnYn967LCgkKmRSiMCy9xsMH9aKKB+AB4REGEw3LAoBpptQpiMcpPUlcZz6faiigQ6bHYj3qPyyWDadYB6f3oooOSRKhB0grhtWdx0rIcY4Vb8QdUQAMirpOPXcUUUGZ4tYT2hIaE5B8DAee1VCJ4ShQSIynfyoooAEhiAdJxkN69hSZS2dPMbSTnY9iuKKKByGbksZIUMbHKiRT4m96csZYVt5pnGhXKq2N8KDn92A/SiigYvJ2MaxspT8MIwx55/vipruyrE6tymMOkaWwSM9/TAFFFA0bhPkDKhMhgOI2AIGXyckUyCZIvzqkgZgB+UbHb3waKKCRw8CaU/LLHJJNGkCuw+gs4398b/amr/St/K0BaeDJkiIHUZIA/rRRQSNY/xF4UYaDEJDj+bHiFR0K+KRfxNLpKo6HBVhjP60UUAYVlkZEdTJJEJo2xuy53Hv2phkk+YhEkbRMxEWD4e3nRRQds5Xi/HtxpZXCSq24YggDHuDirs3C2l3ZiBQ7w3AVFTZgAwY6f/acGiigsuHpzbu6njKy2wZwqfQInIIUFfIggejVefCkHDbqxt4LnnWt+JHHzkbZkyDgBlPRRksCOwHcCiigmxi/is7SWTkSNFPJIpt9Q1HlMBrz06jer74asEg4ZxrhnJRrWU6baM4dUOUDtnqCcnFFFBZXlrb2VlHZeKV4JOUryNlzo2DknzqGM0UUBRRRQFFFFAUUUUBRRRQFFFFAUUUUH/9k=', 'f', NULL, '{}', '2026-05-05 12:48:56.705');
INSERT INTO user_settings (user_id, theme, notifications, email_notifications, avatar_url, db_access_locked, db_lock_reason, seo_settings, updated_at) VALUES ('5ip1qqekexbmo06ud34', 'dark', 't', 't', NULL, 'f', NULL, '{}', '2026-04-15 15:11:20.517234');
INSERT INTO user_settings (user_id, theme, notifications, email_notifications, avatar_url, db_access_locked, db_lock_reason, seo_settings, updated_at) VALUES ('7zpnq1aoqj7mo60hw84', 'dark', 't', 't', NULL, 'f', NULL, '{}', '2026-04-19 17:00:18.184685');
INSERT INTO user_settings (user_id, theme, notifications, email_notifications, avatar_url, db_access_locked, db_lock_reason, seo_settings, updated_at) VALUES ('x261fb8h3xamo06tekp', 'dark', 't', 't', 'data:image/jpeg;base64,/9j/4AAQSkZJRgABAQAAAQABAAD/4gHYSUNDX1BST0ZJTEUAAQEAAAHIAAAAAAQwAABtbnRyUkdCIFhZWiAH4AABAAEAAAAAAABhY3NwAAAAAAAAAAAAAAAAAAAAAAAAAAAAAAAAAAAAAQAA9tYAAQAAAADTLQAAAAAAAAAAAAAAAAAAAAAAAAAAAAAAAAAAAAAAAAAAAAAAAAAAAAAAAAAAAAAAAAAAAAlkZXNjAAAA8AAAACRyWFlaAAABFAAAABRnWFlaAAABKAAAABRiWFlaAAABPAAAABR3dHB0AAABUAAAABRyVFJDAAABZAAAAChnVFJDAAABZAAAAChiVFJDAAABZAAAAChjcHJ0AAABjAAAADxtbHVjAAAAAAAAAAEAAAAMZW5VUwAAAAgAAAAcAHMAUgBHAEJYWVogAAAAAAAAb6IAADj1AAADkFhZWiAAAAAAAABimQAAt4UAABjaWFlaIAAAAAAAACSgAAAPhAAAts9YWVogAAAAAAAA9tYAAQAAAADTLXBhcmEAAAAAAAQAAAACZmYAAPKnAAANWQAAE9AAAApbAAAAAAAAAABtbHVjAAAAAAAAAAEAAAAMZW5VUwAAACAAAAAcAEcAbwBvAGcAbABlACAASQBuAGMALgAgADIAMAAxADb/2wBDAAUDBAQEAwUEBAQFBQUGBwwIBwcHBw8LCwkMEQ8SEhEPERETFhwXExQaFRERGCEYGh0dHx8fExciJCIeJBweHx7/2wBDAQUFBQcGBw4ICA4eFBEUHh4eHh4eHh4eHh4eHh4eHh4eHh4eHh4eHh4eHh4eHh4eHh4eHh4eHh4eHh4eHh4eHh7/wAARCACBAIEDASIAAhEBAxEB/8QAHQABAAICAwEBAAAAAAAAAAAAAAcIBgkDBAUCAf/EAE4QAAEDAwIDBQQEBQ4PAAAAAAECAwQABREGBxIhMQgTQVFhInGBkRQyQrEVGDeSwQkWM1JUYnJzdpSisrPRFyMmNDU2RFNVVoOVoeHi/8QAGgEBAAMBAQEAAAAAAAAAAAAAAAMEBQIBBv/EACwRAAICAQMBBgUFAAAAAAAAAAABAgMRBRIhBBMVFiIxQQY0UpGhU2JygbH/2gAMAwEAAhEDEQA/AMf3lv0WI9Ajz5SGGYrBW4SeZWrpgeJwOlR/py37i7iSFJ0DpaUphsgCctOAnpj2j7I8fOrBbQdniXqi5t693hQmRJfSFxbInIbYT4Bz1xj2fnVn7XboFqgtQbbDYhxWkhLbTKAlKR6AVhaVolfR0xjZzJfY3NS1qzqbH2flj+Sm2lux1qW8cEvXuswypR4lMRsvKST1GT7PyqTbV2QNpogzKTd5qsYyuVwj34Aqw1K3EklhGI228shaP2XtmmQAdNuO+q5CjSX2XtmpDakDTa2eL7TUhQI91TTX4CCSAQSOtenhVfV3Yt0fLaUrTWobjbXfBEgB5B+PIiof1N2Qty7TfYUe0yIN0iPvpQZjSyj6OCR7aknngczy8q2E0oCG9l+z3o7QEVMu4MI1Df3MKeuE1HHg+SEqzgDlz68qmQAAAAYA6UpQClKUArxtYaW0/q6zu2nUdqjXGI4kgoeQCU58Unqk+or2aUBru7VvZ5kbavL1PprvJOlnnQgoUeJyGo9ArzSTnB9wqNdtdbT7TAm6adeKoNwQUtBSuTLhI6eQUOWPMj1raNrCw2/VGl7lp66NB2HcI62HUkdAoYyPUHBHqKoXrDse7l2pbjllett6YBOO7d7tePDkrqahvohfBwmuCWi6dE1OD5MO4o/7dP5wpXz+LxvR/wAnXD84f30qj3b+40u9pfSbPKw87i6dRfXrS88ptbThbU6fqcQOD7qzCqv7sR3LDrq5IW17El4uoX0GFc/04+FamcGdTWrG0yzrDzT7KXmHEuNrGUqScgivuqDvbz6t2q1UuTa3RdYEpkoVAkuKLaCDkKTj6p5n316k3tIb26gtTL1nsMO2NuvrjpdTHUsqcA4+EZ6YT99ey4I3Fp4LU7s6uFjtxtsJ0C4PozyPNCDkZ9/Ko42P1JdTuK5a3Zr0uNNaUt0OKKuFaRkHn08qgCN/hiOspOo9YIdkfhBKA4pJBCMD2QB9kAeHrUsbNPK03rePcbyE927kFaOfBxAjn86j7RbsFqFS7Jv3LU0r5acQ62lxtQWhQBSoHkRX1XZTFKUoBSlKAUpSgFKUoBSlKAVFW+1ji3lyEgrSHuA8YHXhBBHzyr5VIeob5bbFCEq4yEthSghtHVbij0SkeJqJ79PdlXBc579kdWVKGc8Pkn4DAqWuty5PVPY8ojKHt1puBc13fUBZdQjKkfSCAhtPiOfLFSO05a5MBpcFMV1gDibU2kFPTGRj0rHtc6bTrHTz1qD4aKweFXXr1rh2/wBLyNGaeVaZMsPspA7k5yU8sH5nnXNq4Z3DzSRjeutzLLp2c1CmxJMkSFhCS0Bwp54Gc16Ut9CYjThQWw+2HEpPUA9K6qdI6dvF/My9Nl4RikhvPskp5pPvro6svcZ+9LaaSEpaAQEjokDoKy7Gmsl6KcXgmzY3VSpbatPzHSpbaeOMVH7I6p/T86lWqj6SvTllv8C6JWQGHUqXj9r9ofImrax3W32G32lBTbiQpKh0INWqJuUeSp1ENsso+6UpU5AKV5GodT6d08yXr3e4FvQBk9++lJ+XWo5uvaT2bt6iFawjycfuZCnPuoCXaVCUTtT7MyXe7Gon2uf1nYi0j51IOjNydC6xH+TmqLbcF9O7beHGD5cJ50BllKUoBSlKArRp+5XrVMiDqXUMj6SpTSpDCQMIa4+SUoT4AJ559a96Z/jWFJz1FcEJhqHAjxWUhDbLSW0pHgAMV+uOAJIzWwoqKwiBvLPAfmSoExskrCc5z4Gu9qfUNvetalOzUxQgcXeHoPQ19SUoeaUhaQpPr4ViV0taVBY4A60TzbWMioLYJompm1JMxzT2tLWpl55yf3s2SpRLXCRwgcgkA+GOefWvNJdm3dUhxPAhw8WQcg1zz9OyH5HfCKlJ58KgnBAruxIBixQhfIJGc+tYV9Sj6GhGeZZOZ1zhbx0qzux18cvmgIqnjxOw1GKpXnwgY/okVVN54BagTkVOnZQnynrfe4JQn6K28h1Ks8+JQIIx5YSK56d7ZYOb1mGScawrfU39G0Opn9LznYV3jwFvx3mgCscHtKAz4lIUPjWa18vNoeZWy6kLbWkpUk9CDyIq8UjTxe7xdr1NXMvFxlz5KiSXJDpWcnr16V0K2IaJ7I+21nmPTb4JV9cW6pSGXVcDKEk5CcDmcDxzUt2/bfb21Rg1G0fYmWkDA44iFYHvUDQGpSueDMlwJbcuFJejSGzlDrSylST6Ec62cbkbT7Pars78C4wLFbX1IIalRltsuMqxyIwQD7jWtDUtsNm1DcbQp5t8wpTkcutnKV8CinIPkcUBdXsbdoWdqee1oDW0oPXMoP4OnL5KkcIyW1/vsDIPjg1bOtO+m7vMsGoLfe7e4W5cCS3IZUDj2kKCh8OVbe7BcG7rY4FzZ5ty47byfcpII++gO7SlKAr73oUpWK4JCugrrNPpQ8MHKV4wR5GvuWvx8q3JehXSONS8cq4CE8eVDIr8ddT511HpraUHi5YqrJ5JYo/blMYbASSEisOvdwC3VMtdPFVdu8XBlYUWwVkDArHkNOOKU+6rkelZHUvkuVLBxyP2POeQGTVi+yhb1NaNn3RX+2S+FA/eoAH3k1Wu4O4bIPQCrjbJWk2ba+xxFtqbcXGDziVdQpftn76r0Lzkl78hmdda63CFardIuNxlNRYkdBceedVwpQkdSTXZqmn6ojuJNYkWzbm3SFtMOMidceE47zJIbQfQcJUR6irpSOHejtiyRMftO20JoMoUUG5yk54/VCPLrzNVs1TuruLqZ9Tt41fdnsqJ4ESC2kZ8MJxyrC6n/sv9naVurFc1FeZrlt08y8WkFtOXZKx9YJz0SOhPn7qAgmTcJ8okyZsl4nxcdUr7zXWrZbZey5s5bYyWV6dcnqHVyVIUpR+WKob2gbLbNO7zaoslmipi2+HPW0wykkhCR4c6AwStsewzi3tkdDuuKKlr0/CUonxJYRWpytsGwH5DNCfyeg/2CKAzilKUBVOxKlmC3DuDYRMipCVkfVWB0UK9eUomOT6VwqfaJyCPfX0XEuxlAHODityXoQI8SVK7tBOc4rwnrs2qQWiCB4k1xXuY5BuikLBLLgPLyNe3tLoNzcO6XIplKiW2JhDj4TlSlkZCUj76oznxknSMftbBc7wy08ieQz1FdTUL3cKCW8AdABWdar0LqnTQkKkWp2TFbGRJY9pHCPE+VYbOskpMYy5xwceyg+FUuojujlE1cucHkachM37WdksUhxbTU2Y204tPUJJ549avmy2lplDSfqoSEj4VAvZu2wtyYcXXV2bW7PWtSoLZPsNo6BePFR549MVPlQ1Q2rk8tnuYrW/28GpbfaMuy5Ge6ciRVR/4HcpB/pBVbIKq728Nop2rbLE11p6KqRcrSyWZjDacrdj5KgoDxKSVfA+lSkRQmtgXYL11pyTs9G0iu4Ro93tch/vGHVhKnEOOqcStOeo9rHwrX8pKkqKVApUDggjmK+4z78Z5L0d5xl1P1VtqKVD3EUBti3L3M0foDTz93vt3jJ7tBLUdDgU68rHJKUjnk1q015qGRqzWl41LLSEPXOY7KUgHITxqJ4R6DOK6CnLleJzTa3JU+U4QhsKUpxaj4AZya9jcHRN/0LdItr1HE+iTJMNuWGieaULzgHyPI5FAY3W2Ds//AJC9Cfyeg/2CK1P1ta7Ojod2H0OoeFjiJ+TSR+igM+pSlAYjc9udLTS8sQfo7jvVbSiMe4dKjbWmlYWmbkqJAfdcacbS4A4clGSoYz8B86neo+1xoq73m6yJ0SawEucPAhQIKQEgY8vD/wA1NXdKL5YUU2Vp1tGlSLxFhwozsiQ6SENtpKlKPuqxnZ00fO0loUpuYLcu4PfSlsnq0CkAJPrgZPvrH9EbfaotG50K8SUtGIwhwOOcQPIpIAHxI+VTXXDm2sHUkl6HhbgOBvRtzz9tnuvzyE/pqsOsESp0qLa43JyU+lpJHUlRA/TVotY2Vy/Wj6C3J7ghwOZI5KwDgH0yQfeBWKWba2BFvcO6TZipC4iw62hKeEcY5gk+QNcS5jgReDObLAYtdoh22MjgZjMoaQPIJAArt0pQ5FCARgjINKUBC+5vZp2y1xOcuTludtFwdJU49AVwBZ81I6fLFR1E7EukG5Zckavu77Gf2IMISfzs1a2lARjtbsTtxt26iXZbKH7gnpMmHvXR7s8h8BXxu3sPoHdDUEe+6oZuJmx4wioVFk92CgKUoZGDk5UedSjSgK9/ifbO/wC5v3/cP/mpr0Rpq26P0pb9NWgv/QLe0GWO+c41hI6Anxr2aUApSlAKVwzpcWDFclTJDUdhtJUtxxQSlI8yTVc93+1torTLb8HSKTqO6IJQFpymMg+fH9r4UBZKlY/t9qy0a10lA1DZZjUmPLZSs8CslCiOaVDwIORg1kFAKUpQClKUApSlAKUpQClfLrjbTanHVpbQkZUpRwAPU1XPtG9pzT+ioUmxaPkM3fUS0FIdbUFMRCfFR+0rxwPTNAc+83ao05t5rWfpNuwzLrMghAdeadQlsLKQSnnzyM4PrUSak7bOoH0Fuw6SgxCejkl4rI+A5VWq0W7UWv8AWXcs99cLrcpBceeVzypRypaj4DqTVytD7Z6Z0vYIds/B0KdIjoUp6Q8wlanVeJOR0znA8sVl6lq1Onpb1lv2Ro9BptvWt7eEvchL8bjeH912n+Zf+6VYf9btk/4Da/5m3/dSsfxVX+m/uaXh2f1/g7fbk/Jo/wDxf99a76Ur6w+cLqfqc3+jb5/G/oFXEpSgFKUoBSlKAUpSgFKUoCLO1J+SO5/wD91avF/WV76UoCd+yD/rWf8Aq/1E1ahH+cve4/1jSlfAfFHza/iv9PttB+V/tnapSlfPGwf/2Q==', 'f', NULL, '{}', '2026-04-16 10:13:37.05');
ALTER TABLE user_settings ENABLE TRIGGER ALL;

-- ---- sites (5 строк) ----
ALTER TABLE sites DISABLE TRIGGER ALL;
INSERT INTO sites (id, user_id, name, subdomain, business_type, status, published_url, global_styles, frozen, frozen_reason, frozen_by, frozen_at, created_at, updated_at) VALUES ('66q3nk93hgmoss7h4n', '19lguk5vsfomo06lka5', 'rostov-hh', 'rostov-hh.lilluucore.com', 'LANDING', 'PUBLISHED', 'https://rostov-hh.lilluucore.com', '{fontFamily:Inter,primaryColor:#7C3AED}', 'f', NULL, NULL, NULL, '2026-05-05 15:26:57.143816', '2026-05-05 15:27:08.787');
INSERT INTO sites (id, user_id, name, subdomain, business_type, status, published_url, global_styles, frozen, frozen_reason, frozen_by, frozen_at, created_at, updated_at) VALUES ('7hjcc7jtk7umo60ihep', '7zpnq1aoqj7mo60hw84', 'gavno228', 'gavno228.lilluucore.com', 'LANDING', 'PUBLISHED', 'https://gavno228.lilluucore.com', '{fontFamily:Inter,primaryColor:#7C3AED}', 'f', NULL, NULL, NULL, '2026-04-19 17:00:45.610585', '2026-04-19 17:02:20.221');
INSERT INTO sites (id, user_id, name, subdomain, business_type, status, published_url, global_styles, frozen, frozen_reason, frozen_by, frozen_at, created_at, updated_at) VALUES ('bpvl5rer45umo06sfpk', '19lguk5vsfomo06lka5', 'gagashka', 'gagashka.lilluucore.com', 'MUSIC_LABEL', 'PUBLISHED', 'https://gagashka.lilluucore.com', '{fontFamily:Inter,primaryColor:#7C3AED}', 'f', NULL, NULL, NULL, '2026-04-15 15:09:50.60852', '2026-05-05 16:06:51.192');
INSERT INTO sites (id, user_id, name, subdomain, business_type, status, published_url, global_styles, frozen, frozen_reason, frozen_by, frozen_at, created_at, updated_at) VALUES ('epvgscd862wmostxro5', '19lguk5vsfomo06lka5', 'VOID RECORDS', 'void-records.lilluucore.com', 'MUSIC_LABEL', 'PUBLISHED', 'https://void-records.lilluucore.com', '{}', 'f', NULL, NULL, NULL, '2026-05-05 16:15:23.478317', '2026-05-05 16:20:34.127');
INSERT INTO sites (id, user_id, name, subdomain, business_type, status, published_url, global_styles, frozen, frozen_reason, frozen_by, frozen_at, created_at, updated_at) VALUES ('jc0hucpaynmo1bp2f9', 'x261fb8h3xamo06tekp', 'сайт', 'site.lilluucore.com', 'FITNESS', 'PUBLISHED', 'https://site.lilluucore.com', '{fontFamily:Inter,primaryColor:#7C3AED}', 'f', NULL, NULL, NULL, '2026-04-16 10:14:57.67781', '2026-04-16 10:15:57.787');
ALTER TABLE sites ENABLE TRIGGER ALL;

-- ---- pages (8 строк) ----
ALTER TABLE pages DISABLE TRIGGER ALL;
INSERT INTO pages (id, site_id, name, slug, position, meta, created_at) VALUES ('9dq55t0on5tmoss7h4w', '66q3nk93hgmoss7h4n', 'Главная', 'index', 0, '{}', '2026-05-05 15:26:57.152606');
INSERT INTO pages (id, site_id, name, slug, position, meta, created_at) VALUES ('bkndayehypmo60ihf2', '7hjcc7jtk7umo60ihep', 'Главная', 'index', 0, '{}', '2026-04-19 17:00:45.614768');
INSERT INTO pages (id, site_id, name, slug, position, meta, created_at) VALUES ('k651zf06x1qmo06sfq0', 'bpvl5rer45umo06sfpk', 'Главная', 'index', 0, '{}', '2026-04-15 15:09:50.61688');
INSERT INTO pages (id, site_id, name, slug, position, meta, created_at) VALUES ('rl3rmbtps3cmostxrp3', 'epvgscd862wmostxro5', 'Главная', 'index', 0, '{}', '2026-05-05 16:15:23.512366');
INSERT INTO pages (id, site_id, name, slug, position, meta, created_at) VALUES ('su4oj948pk8mo1bp2gf', 'jc0hucpaynmo1bp2f9', 'Главная', 'index', 0, '{}', '2026-04-16 10:14:57.711714');
INSERT INTO pages (id, site_id, name, slug, position, meta, created_at) VALUES ('u3ix6pc6lmsmostzpus', 'epvgscd862wmostxro5', 'Артисты', 'artists', 2, '{}', '2026-05-05 16:16:54.437262');
INSERT INTO pages (id, site_id, name, slug, position, meta, created_at) VALUES ('ums3wy0zuomostzoho', 'epvgscd862wmostxro5', 'Релизы', 'releases', 1, '{}', '2026-05-05 16:16:52.668929');
INSERT INTO pages (id, site_id, name, slug, position, meta, created_at) VALUES ('zht4n4y1kimossjc34', 'bpvl5rer45umo06sfpk', 'впппваапапв', NULL, 1, '{}', '2026-05-05 15:36:10.480391');
ALTER TABLE pages ENABLE TRIGGER ALL;

-- ---- blocks (60 строк) ----
ALTER TABLE blocks DISABLE TRIGGER ALL;
INSERT INTO blocks (id, site_id, page_id, type, position, row_id, content, styles, visible, width, created_at) VALUES ('0gbmnqj68eb9moss7kc9', '66q3nk93hgmoss7h4n', NULL, 'STATS', 2, NULL, '{items:[{value:86 581 995,label:резюме},{value:908 417,label:вакансий},{value:2 355 481,label:компаний}]}', '{bg:transparent,textColor:#ffffff,variant:row}', 't', 100, '2026-05-05 15:27:01.30622');
INSERT INTO blocks (id, site_id, page_id, type, position, row_id, content, styles, visible, width, created_at) VALUES ('1wi7u8kghirmordnbtk', 'bpvl5rer45umo06sfpk', 'k651zf06x1qmo06sfq0', 'POPUP', 12, NULL, '{showForm:false,body:<h2 style=\text-align: center;\><b><i><font color=\#f32b2b\>Текст попапа</font></i></b></h2>,image:https://i.pinimg.com/originals/19/89/44/198944ea9f57d70ea850fc868efbd4b6.jpg,imagePosition:top}', '{variant:centered,maxWidth:800,animation:scale}', 't', 100, '2026-05-04 15:51:36.345188');
INSERT INTO blocks (id, site_id, page_id, type, position, row_id, content, styles, visible, width, created_at) VALUES ('38xdipmwkfnmosu2xwg', 'epvgscd862wmostxro5', 'u3ix6pc6lmsmostzpus', 'STATS', 3, NULL, '{title:В цифрах,items:[{value:10K+,label:Клиентов},{value:99.9%,label:Uptime}]}', '{bg:#0a0a1a,textColor:#ffffff}', 't', 100, '2026-05-05 16:19:24.832779');
INSERT INTO blocks (id, site_id, page_id, type, position, row_id, content, styles, visible, width, created_at) VALUES ('4g2pj2fqs6jmo60ihf5', '7hjcc7jtk7umo60ihep', 'bkndayehypmo60ihf2', 'TESTIMONIALS', 4, NULL, '{title:Что говорят клиенты,subtitle:Тысячи предпринимателей уже используют наш сервис,items:[{text:Создал лендинг за 20 минут. Конверсия выросла на 40%!,author:Иван Петров,role:CEO, Startup.ru,avatar:},{text:Наконец-то конструктор, который не нужно изучать неделями.,author:Мария Смирнова,role:Фрилансер,avatar:},{text:Клиенты думают, что это ручная разработка. Я не говорю иначе.,author:Алексей Новиков,role:Digital-маркетолог,avatar:}]}', '{bg:#0f0f23,textColor:#cbd5e1}', 't', 100, '2026-04-19 17:00:45.618614');
INSERT INTO blocks (id, site_id, page_id, type, position, row_id, content, styles, visible, width, created_at) VALUES ('4khrjcfekbimo06sfq3', 'bpvl5rer45umo06sfpk', 'k651zf06x1qmo06sfq0', 'MUSIC_PLAYER', 4, NULL, '{title:Новый трек,artist:Исполнитель,album:Альбом 2025,coverUrl:,trackUrl:,spotifyUrl:,appleUrl:,youtubeUrl:}', '{bg:#0f172a,textColor:#f1f5f9}', 't', 100, '2026-04-15 15:09:50.620031');
INSERT INTO blocks (id, site_id, page_id, type, position, row_id, content, styles, visible, width, created_at) VALUES ('4ty366syimoss7lue', '66q3nk93hgmoss7h4n', NULL, 'GALLERY', 5, NULL, '{title:Работа в компаниях Ростова-на-Дону,columns:3}', '{bg:transparent,textColor:#333333,variant:grid}', 't', 100, '2026-05-05 15:27:03.254523');
INSERT INTO blocks (id, site_id, page_id, type, position, row_id, content, styles, visible, width, created_at) VALUES ('57zwmuk1qcxmosu1oep', 'epvgscd862wmostxro5', 'ums3wy0zuomostzoho', 'HEADER_MENU', 0, NULL, '{logo:Компания,links:[{label:Главная,url:#,active:true}],cta:Связаться,ctaUrl:#}', '{bg:#070711,textColor:#e2e8f0,ctaColor:#7C3AED}', 't', 100, '2026-05-05 16:18:25.873993');
INSERT INTO blocks (id, site_id, page_id, type, position, row_id, content, styles, visible, width, created_at) VALUES ('5cxtek8zbsvmostxrpg', 'epvgscd862wmostxro5', 'rl3rmbtps3cmostxrp3', 'GALLERY', 5, NULL, '{title:Фотогалерея,images:[]}', '{bg:#070712,textColor:#ffffff,columns:3}', 't', 100, '2026-05-05 16:15:23.525324');
INSERT INTO blocks (id, site_id, page_id, type, position, row_id, content, styles, visible, width, created_at) VALUES ('5tha680fq06mo06sfq3', 'bpvl5rer45umo06sfpk', 'k651zf06x1qmo06sfq0', 'HERO', 2, NULL, '{title:Музыка, которая меняет мир,subtitle:Независимый лейбл. Подлинное звучание. Мы создаём будущее музыкальной индустрии.,cta:Слушать сейчас,ctaUrl:#,ctaSecondary:О лейбле,ctaSecondaryUrl:#}', '{bg:linear-gradient(135deg, #0f172a, #1e1b4b),textColor:#ffffff,ctaColor:#8B5CF6}', 't', 100, '2026-04-15 15:09:50.620031');
INSERT INTO blocks (id, site_id, page_id, type, position, row_id, content, styles, visible, width, created_at) VALUES ('5ylx1vjdq66mosu1oqn', 'epvgscd862wmostxro5', 'ums3wy0zuomostzoho', 'FOOTER', 3, NULL, '{company:Моя Компания,slogan:Строим будущее вместе,links:[{label:О нас,url:#}],copyright:© 2025 Моя Компания.}', '{bg:#050510,textColor:#475569}', 't', 100, '2026-05-05 16:18:26.304281');
INSERT INTO blocks (id, site_id, page_id, type, position, row_id, content, styles, visible, width, created_at) VALUES ('65bc4xw6adomo60ihf5', '7hjcc7jtk7umo60ihep', 'bkndayehypmo60ihf2', 'FOOTER', 7, NULL, '{company:Моя Компания,slogan:Строим будущее вместе,links:[{label:О нас,url:#},{label:Блог,url:#},{label:Документация,url:#},{label:Контакты,url:#},{label:Политика,url:#}],socials:[twitter,instagram,linkedin],copyright:© 2025 Моя Компания. Все права защищены.}', '{bg:#050510,textColor:#475569}', 't', 100, '2026-04-19 17:00:45.618614');
INSERT INTO blocks (id, site_id, page_id, type, position, row_id, content, styles, visible, width, created_at) VALUES ('7gahauyqgsymoss7lce', '66q3nk93hgmoss7h4n', NULL, 'TEXT', 4, NULL, '{title:Популярное,body:Компании дня, Работа из дома, Подработка, Курьер...}', '{bg:#f5f5f5,textColor:#333333,align:left}', 't', 100, '2026-05-05 15:27:02.606723');
INSERT INTO blocks (id, site_id, page_id, type, position, row_id, content, styles, visible, width, created_at) VALUES ('7laks4axpkmo1bp2gi', 'jc0hucpaynmo1bp2f9', 'su4oj948pk8mo1bp2gf', 'COACHES', 5, NULL, '{title:Наши тренеры,subtitle:Сертифицированные профессионалы,members:[{name:Дмитрий Соколов,role:Силовые тренировки,bio:КМС по пауэрлифтингу, 8 лет опыта,avatar:,instagram:},{name:Анна Власова,role:Йога и пилатес,bio:Сертификат RYT-500, 6 лет практики,avatar:,instagram:}]}', '{bg:#1a1a2e,textColor:#ffffff}', 't', 100, '2026-04-16 10:14:57.715381');
INSERT INTO blocks (id, site_id, page_id, type, position, row_id, content, styles, visible, width, created_at) VALUES ('8fkgah6zp4mosu1oin', 'epvgscd862wmostxro5', 'ums3wy0zuomostzoho', 'DISCOGRAPHY', 1, NULL, '{title:Дискография,albums:[]}', '{bg:#1e293b,textColor:#e2e8f0}', 't', 100, '2026-05-05 16:18:26.015844');
INSERT INTO blocks (id, site_id, page_id, type, position, row_id, content, styles, visible, width, created_at) VALUES ('8zh2o6verq2mosrzjuw', 'bpvl5rer45umo06sfpk', 'k651zf06x1qmo06sfq0', 'VIDEO', 15, NULL, '{title:Смотрите как это работает,url:}', '{bg:#0f0f23,textColor:#ffffff,variant:slider}', 't', 100, '2026-05-05 15:20:47.433054');
INSERT INTO blocks (id, site_id, page_id, type, position, row_id, content, styles, visible, width, created_at) VALUES ('9j14erdbazmo1bp2gi', 'jc0hucpaynmo1bp2f9', 'su4oj948pk8mo1bp2gf', 'PRICING', 6, NULL, '{title:Выберите свой абонемент,subtitle:Первое пробное занятие — бесплатно для всех,plans:[{name:Базовый,price:3 900₽,period:мес,features:[Доступ в зал 7:00–22:00,Групповые тренировки,Раздевалка и душ,Онлайн-расписание],cta:Выбрать},{name:Стандарт,price:6 900₽,period:мес,features:[Доступ 24/7,Все групповые тренировки,Консультация нутрициолога,SPA-зона,1 персональная тренировка],highlighted:true,cta:Лучший выбор},{name:VIP,price:14 900₽,period:мес,features:[Безлимитный доступ 24/7,Персональный тренер 4×/нед,SPA-зона без ограничений,Нутрициолог + диетолог,Гостевые визиты],cta:VIP опыт}]}', '{bg:#0a0a14,textColor:#ffffff}', 't', 100, '2026-04-16 10:14:57.715381');
INSERT INTO blocks (id, site_id, page_id, type, position, row_id, content, styles, visible, width, created_at) VALUES ('9nj9tus0najmosqs5sl', 'bpvl5rer45umo06sfpk', 'k651zf06x1qmo06sfq0', 'SCHEDULE', 12, NULL, '{title:Расписание,items:[{day:Пн, Ср, Пт,time:10:00–12:00,type:Занятие,trainer:Тренер,ctaUrl:#}]}', '{bg:#1e293b,textColor:#e2e8f0}', 't', 100, '2026-05-05 14:47:02.998253');
INSERT INTO blocks (id, site_id, page_id, type, position, row_id, content, styles, visible, width, created_at) VALUES ('9ue2skshkxvmo1bp2gi', 'jc0hucpaynmo1bp2f9', 'su4oj948pk8mo1bp2gf', 'FAQ', 8, NULL, '{title:Часто задаваемые вопросы,subtitle:Не нашли ответ? Напишите нам.,items:[{q:Нужны ли знания программирования?,a:Нет. lilluucore создан для всех — от новичков до профессионалов.},{q:Можно ли подключить свой домен?,a:Да, на тарифах Pro и Business вы можете подключить любой домен.},{q:Как работает бесплатный план?,a:Бесплатный план включает 1 сайт с 5 блоками. Никаких скрытых платежей.},{q:Можно ли отменить подписку?,a:Конечно. Отмена происходит в один клик в настройках профиля.}]}', '{bg:#0f0f23,textColor:#e2e8f0}', 't', 100, '2026-04-16 10:14:57.715381');
INSERT INTO blocks (id, site_id, page_id, type, position, row_id, content, styles, visible, width, created_at) VALUES ('a7gr3c2d5mosrqm9w', 'bpvl5rer45umo06sfpk', 'k651zf06x1qmo06sfq0', 'VIDEO', 14, NULL, '{title:Смотрите как это работает,url:https://vkvideo.ru/clip-156480091_456310347,videos:[{url:https://vkvideo.ru/clip-156480091_456310347,title:}]}', '{bg:#0f0f23,textColor:#ffffff,variant:shorts}', 't', 100, '2026-05-05 15:13:50.660399');
INSERT INTO blocks (id, site_id, page_id, type, position, row_id, content, styles, visible, width, created_at) VALUES ('avhvv2rsqqmoss1ugm', 'bpvl5rer45umo06sfpk', 'k651zf06x1qmo06sfq0', 'SCHEDULE', 16, NULL, '{title:Расписание,items:[{day:5, 12,time:10:00–12:00,type:Занятие,trainer:Тренер,ctaUrl:#,duration:30 мин,capacity:10 мест,level:Все уровни,location:Зал}]}', '{bg:#1e293b,textColor:#e2e8f0,variant:month}', 't', 100, '2026-05-05 15:22:34.486943');
INSERT INTO blocks (id, site_id, page_id, type, position, row_id, content, styles, visible, width, created_at) VALUES ('ay8jrchd6zmmostxrpg', 'epvgscd862wmostxro5', 'rl3rmbtps3cmostxrp3', 'MUSIC_PLAYER', 2, NULL, '{title:ECLIPSE — Новый сингл,artist:KIRA × VOID,album:Dark Matter EP,coverUrl:,trackUrl:,spotifyUrl:#,appleUrl:#,youtubeUrl:#}', '{bg:#0d0d1f,textColor:#f1f5f9}', 't', 100, '2026-05-05 16:15:23.525324');
INSERT INTO blocks (id, site_id, page_id, type, position, row_id, content, styles, visible, width, created_at) VALUES ('bolewmr8l2tmostxrpg', 'epvgscd862wmostxro5', 'rl3rmbtps3cmostxrp3', 'TEAM', 4, NULL, '{title:Наши артисты,members:[{name:KIRA,role:Электронный продюсер,avatar:},{name:VOID X,role:Хип-хоп исполнитель,avatar:},{name:NOVA,role:Авангард-вокалист,avatar:},{name:APEX,role:Bass музыкант,avatar:}]}', '{bg:#0a0a1f,textColor:#ffffff}', 't', 100, '2026-05-05 16:15:23.525324');
INSERT INTO blocks (id, site_id, page_id, type, position, row_id, content, styles, visible, width, created_at) VALUES ('bzdvqv8e6qamo60ihf5', '7hjcc7jtk7umo60ihep', 'bkndayehypmo60ihf2', 'FEATURES', 2, NULL, '{title:Почему выбирают нас,subtitle:Всё необходимое для успеха вашего бизнеса,items:[{icon:Zap,title:Молниеносная скорость,desc:Страницы загружаются мгновенно. Core Web Vitals 100/100.},{icon:Shield,title:Надёжная безопасность,desc:SSL, DDoS-защита и ежедневное резервное копирование.},{icon:Palette,title:Гибкий дизайн,desc:Сотни блоков и неограниченная кастомизация.},{icon:BarChart2,title:Встроенная аналитика,desc:Следите за посещаемостью в реальном времени.},{icon:Globe,title:Кастомный домен,desc:Подключите свой домен за 2 минуты.},{icon:Headphones,title:Поддержка 24/7,desc:Команда готова помочь в любое время.}]}', '{bg:#0f0f23,textColor:#e2e8f0,columns:3}', 't', 100, '2026-04-19 17:00:45.618614');
INSERT INTO blocks (id, site_id, page_id, type, position, row_id, content, styles, visible, width, created_at) VALUES ('dywgmd59w9tmosu2y46', 'epvgscd862wmostxro5', 'u3ix6pc6lmsmostzpus', 'FOOTER', 5, NULL, '{company:Моя Компания,slogan:Строим будущее вместе,links:[{label:О нас,url:#}],copyright:© 2025 Моя Компания.}', '{bg:#050510,textColor:#475569}', 't', 100, '2026-05-05 16:19:25.110842');
INSERT INTO blocks (id, site_id, page_id, type, position, row_id, content, styles, visible, width, created_at) VALUES ('fg3solsgyucmo60ihf5', '7hjcc7jtk7umo60ihep', 'bkndayehypmo60ihf2', 'HEADER_MENU', 0, NULL, '{logo:gacno,links:[{label:Главная,url:#,active:true},{label:О нас,url:#},{label:Услуги,url:#},{label:Цены,url:#},{label:Контакты,url:#}],cta:Связаться,ctaUrl:#}', '{bg:#0000e0,textColor:#e2e8f0,ctaColor:#7C3AED}', 't', 100, '2026-04-19 17:00:45.618614');
INSERT INTO blocks (id, site_id, page_id, type, position, row_id, content, styles, visible, width, created_at) VALUES ('haati24n838moss7jcd', '66q3nk93hgmoss7h4n', NULL, 'HEADER_MENU', 0, NULL, '{logo:hh,links:[{label:Ищу работу,href:#},{label:Ищу сотрудника,href:#},{label:Сервисы,href:#},{label:Помощь,href:#}],ctaButtons:[{label:Войти,href:/login,variant:outline},{label:Создать резюме,href:#signup,variant:primary}]}', '{bg:#ffffff,textColor:#333333,ctaColor:#000000,variant:split}', 't', 100, '2026-05-05 15:27:00.013599');
INSERT INTO blocks (id, site_id, page_id, type, position, row_id, content, styles, visible, width, created_at) VALUES ('hlqxuo5o9tnmoss7mcb', '66q3nk93hgmoss7h4n', NULL, 'FOOTER', 6, NULL, '{company:hh,slogan:Надёжный сервис для поиска работы,copyright:© 2024 hh.ru. Все права защищены.,links:[{label:О компании},{label:Реклама на сайте},{label:Профориентация},{label:HeadHunter API}]}', '{bg:#333333,textColor:#ffffff,variant:columns}', 't', 100, '2026-05-05 15:27:03.899927');
INSERT INTO blocks (id, site_id, page_id, type, position, row_id, content, styles, visible, width, created_at) VALUES ('hpjecq8ok4lmo1bp2gi', 'jc0hucpaynmo1bp2f9', 'su4oj948pk8mo1bp2gf', 'HEADER_MENU', 0, NULL, '{logo:Компания,links:[{label:Главная,url:#,active:true},{label:О нас,url:#},{label:Услуги,url:#},{label:Цены,url:#},{label:Контакты,url:#}],cta:Связаться,ctaUrl:#}', '{bg:#070711,textColor:#e2e8f0,ctaColor:#7C3AED}', 't', 100, '2026-04-16 10:14:57.715381');
INSERT INTO blocks (id, site_id, page_id, type, position, row_id, content, styles, visible, width, created_at) VALUES ('hyx5kklgkrnmospebov', 'bpvl5rer45umo06sfpk', 'k651zf06x1qmo06sfq0', 'HEADER_MENU', 1, NULL, '{logo:MyLabel,links:[{label:Эл.Меню 1,url:#,active:false},{label:Эл.Меню 2,url:#,active:false},{label:Эл.Меню 3,url:#,active:false},{label:Эл.Меню 4,url:#,active:false}],cta:Связаться,ctaUrl:/zht4n4y1kimossjc34}', '{bg:#070711,textColor:#e2e8f0,ctaColor:#7C3AED,variant:logo_center,elemStyles:{logo:{color:#2b7bfd,hoverColor:#069364},menu:{color:#fb1313},activeLink:{color:#1d1df7}}}', 't', 100, '2026-05-05 14:08:17.839758');
INSERT INTO blocks (id, site_id, page_id, type, position, row_id, content, styles, visible, width, created_at) VALUES ('ifaoqe1o51mmo1bp2gi', 'jc0hucpaynmo1bp2f9', 'su4oj948pk8mo1bp2gf', 'SCHEDULE', 4, NULL, '{title:Расписание занятий,subtitle:Запишитесь онлайн,items:[{day:Пн, Ср, Пт,time:07:00–09:00,type:Утренняя йога,trainer:Анна В.,ctaUrl:#},{day:Вт, Чт,time:18:00–20:00,type:Силовые тренировки,trainer:Дмитрий С.,ctaUrl:#},{day:Сб,time:10:00–12:00,type:Кроссфит,trainer:Михаил П.,ctaUrl:#}]}', '{bg:#1e293b,textColor:#e2e8f0}', 't', 100, '2026-04-16 10:14:57.715381');
INSERT INTO blocks (id, site_id, page_id, type, position, row_id, content, styles, visible, width, created_at) VALUES ('ik0kp33w57mo0iutgj', 'bpvl5rer45umo06sfpk', 'k651zf06x1qmo06sfq0', 'PRODUCTS', 9, NULL, '{title:Каталог товаров,subtitle:Лучшее из нашей коллекции,items:[{name:Товар 1,price:1 200₽,image:,badge:Хит,description:Описание товара},{name:Товар 2,price:2 800₽,image:,badge:Новинка,description:Описание товара},{name:Товар 3,price:950₽,image:,badge:,description:Описание товара}]}', '{bg:#0f0f23,textColor:#ffffff,columns:3}', 't', 100, '2026-04-15 20:47:37.12413');
INSERT INTO blocks (id, site_id, page_id, type, position, row_id, content, styles, visible, width, created_at) VALUES ('ix49m002kmmoss7juc', '66q3nk93hgmoss7h4n', NULL, 'FORM', 1, NULL, '{title:Напишите телефон, чтобы работодатели могли предложить вам работу,fields:[{label:Номер телефона,type:tel,required:true,placeholder:Номер телефона}],ctaLabel:Продолжить}', '{bg:transparent,textColor:#ffffff,ctaColor:#0066ff,variant:split}', 't', 100, '2026-05-05 15:27:00.66079');
INSERT INTO blocks (id, site_id, page_id, type, position, row_id, content, styles, visible, width, created_at) VALUES ('jmor1a6se1mosu2xoh', 'epvgscd862wmostxro5', 'u3ix6pc6lmsmostzpus', 'HERO', 1, NULL, '{title:Создайте что-то великое,subtitle:Профессиональный лендинг за минуты — без кода,cta:Начать бесплатно,ctaUrl:#,ctaSecondary:Узнать больше,ctaSecondaryUrl:#,bgImage:}', '{bg:#0a0a1a,textColor:#ffffff,ctaColor:#7C3AED,align:center,minHeight:90vh}', 't', 100, '2026-05-05 16:19:24.545597');
INSERT INTO blocks (id, site_id, page_id, type, position, row_id, content, styles, visible, width, created_at) VALUES ('kabr22uq6hsmossje3b', 'bpvl5rer45umo06sfpk', 'zht4n4y1kimossjc34', 'HEADER_MENU', 0, NULL, '{logo:Компания,links:[{label:Главная,url:#,active:true}],cta:Связаться,ctaUrl:#}', '{bg:#070711,textColor:#e2e8f0,ctaColor:#7C3AED,variant:split}', 't', 100, '2026-05-05 15:36:13.080282');
INSERT INTO blocks (id, site_id, page_id, type, position, row_id, content, styles, visible, width, created_at) VALUES ('kd7m5o289omostxrpg', 'epvgscd862wmostxro5', 'rl3rmbtps3cmostxrp3', 'DISCOGRAPHY', 3, NULL, '{title:Дискография,albums:[{title:Dark Matter EP,year:2026,tracks:6,cover:},{title:Frequencies,year:2025,tracks:10,cover:},{title:Neon Void,year:2025,tracks:8,cover:},{title:Parallel Worlds,year:2024,tracks:12,cover:},{title:Signal Lost,year:2024,tracks:7,cover:},{title:Origins,year:2023,tracks:11,cover:}]}', '{bg:#080818,textColor:#e2e8f0}', 't', 100, '2026-05-05 16:15:23.525324');
INSERT INTO blocks (id, site_id, page_id, type, position, row_id, content, styles, visible, width, created_at) VALUES ('ldgdrgwlq1mo1bp2gi', 'jc0hucpaynmo1bp2f9', 'su4oj948pk8mo1bp2gf', 'STATS', 2, NULL, '{title:Наши результаты в цифрах,items:[{value:2 000+,label:Активных членов},{value:50+,label:Тренеров и инструкторов},{value:15 лет,label:На рынке фитнеса},{value:93%,label:Достигают цели}]}', '{bg:#0a0a1a,textColor:#ffffff}', 't', 100, '2026-04-16 10:14:57.715381');
INSERT INTO blocks (id, site_id, page_id, type, position, row_id, content, styles, visible, width, created_at) VALUES ('lihxutcbc7kmospfxzp', 'bpvl5rer45umo06sfpk', 'k651zf06x1qmo06sfq0', 'MAP', 11, NULL, '{}', '{}', 't', 100, '2026-05-05 14:09:33.398008');
INSERT INTO blocks (id, site_id, page_id, type, position, row_id, content, styles, visible, width, created_at) VALUES ('lmjgsze4olmosu2xsb', 'epvgscd862wmostxro5', 'u3ix6pc6lmsmostzpus', 'TEAM', 2, NULL, '{title:Наша команда,members:[{name:Алексей Кузнецов,role:CEO,avatar:}]}', '{bg:#0f0f23,textColor:#ffffff}', 't', 100, '2026-05-05 16:19:24.683914');
INSERT INTO blocks (id, site_id, page_id, type, position, row_id, content, styles, visible, width, created_at) VALUES ('lqnaf42dwcmo1bp2gi', 'jc0hucpaynmo1bp2f9', 'su4oj948pk8mo1bp2gf', 'FOOTER', 9, NULL, '{company:Моя Компания,slogan:Строим будущее вместе,links:[{label:О нас,url:#},{label:Блог,url:#},{label:Документация,url:#},{label:Контакты,url:#},{label:Политика,url:#}],socials:[twitter,instagram,linkedin],copyright:© 2025 Моя Компания. Все права защищены.}', '{bg:#050510,textColor:#475569}', 't', 100, '2026-04-16 10:14:57.715381');
INSERT INTO blocks (id, site_id, page_id, type, position, row_id, content, styles, visible, width, created_at) VALUES ('m7ebpza1mtimoss7kuf', '66q3nk93hgmoss7h4n', NULL, 'HERO', 3, NULL, '{title:Поиск работы в Ростове-на-Дону,subtitle:Профессия, должность или компания,cta:Найти}', '{bg:#f5f5f5,textColor:#333333,ctaColor:#0066ff,variant:centered}', 't', 100, '2026-05-05 15:27:01.9596');
INSERT INTO blocks (id, site_id, page_id, type, position, row_id, content, styles, visible, width, created_at) VALUES ('npg7yd1k0fmo06sfq3', 'bpvl5rer45umo06sfpk', 'k651zf06x1qmo06sfq0', 'TEAM', 6, NULL, '{title:Наша команда,subtitle:Профессионалы своего дела,members:[{name:Алексей Кузнецов,role:CEO & Founder,bio:10+ лет в tech-стартапах,avatar:,linkedin:},{name:Светлана Морозова,role:CTO,bio:Эксперт в облачных технологиях,avatar:,linkedin:},{name:Дмитрий Волков,role:Head of Design,bio:Дизайн думает за пользователя,avatar:,linkedin:}]}', '{bg:#0f0f23,textColor:#ffffff}', 't', 100, '2026-04-15 15:09:50.620031');
INSERT INTO blocks (id, site_id, page_id, type, position, row_id, content, styles, visible, width, created_at) VALUES ('q1eek4jnrymo06sfq3', 'bpvl5rer45umo06sfpk', 'k651zf06x1qmo06sfq0', 'GALLERY', 7, NULL, '{title:Фотографии,subtitle:Наши артисты и события,images:[]}', '{bg:#0f172a,textColor:#e2e8f0,columns:3}', 't', 100, '2026-04-15 15:09:50.620031');
INSERT INTO blocks (id, site_id, page_id, type, position, row_id, content, styles, visible, width, created_at) VALUES ('q9fxqpnckk9mo06sfq3', 'bpvl5rer45umo06sfpk', 'k651zf06x1qmo06sfq0', 'FOOTER', 10, NULL, '{company:Моя Компания,slogan:Строим будущее вместе,links:[{label:О нас,url:#},{label:Блог,url:#},{label:Документация,url:#},{label:Контакты,url:#},{label:Политика,url:#}],socials:[twitter,instagram,linkedin],copyright:© 2025 Моя Компания. Все права защищены.}', '{bg:#050510,textColor:#475569}', 't', 100, '2026-04-15 15:09:50.620031');
INSERT INTO blocks (id, site_id, page_id, type, position, row_id, content, styles, visible, width, created_at) VALUES ('qaek1o6u5tmosrqgxp', 'bpvl5rer45umo06sfpk', 'k651zf06x1qmo06sfq0', 'GALLERY', 13, NULL, '{title:Галерея,images:[]}', '{bg:#0a0a14,textColor:#ffffff,columns:4,variant:slider}', 't', 100, '2026-05-05 15:13:43.741545');
INSERT INTO blocks (id, site_id, page_id, type, position, row_id, content, styles, visible, width, created_at) VALUES ('qhz7ewlr3omostxrpg', 'epvgscd862wmostxro5', 'rl3rmbtps3cmostxrp3', 'CONTACTS', 6, NULL, '{title:Контакты,subtitle:Хочешь стать частью VOID RECORDS? Напиши нам — мы слушаем всё.,email:demo@voidrecords.ru,phone:+7 (999) 000-00-00,address:Москва, Россия,instagram:@voidrecords,telegram:@voidrecords,vk:vk.com/voidrecords}', '{bg:#0a0a1a,textColor:#e2e8f0}', 't', 100, '2026-05-05 16:15:23.525324');
INSERT INTO blocks (id, site_id, page_id, type, position, row_id, content, styles, visible, width, created_at) VALUES ('qp410xfe3ymo06sfq3', 'bpvl5rer45umo06sfpk', 'k651zf06x1qmo06sfq0', 'DISCOGRAPHY', 5, NULL, '{title:Дискография,albums:[{title:Альбом 1,year:2024,cover:,spotifyUrl:,tracks:12},{title:Синглы,year:2023,cover:,spotifyUrl:,tracks:5}]}', '{bg:#1e293b,textColor:#e2e8f0}', 't', 100, '2026-04-15 15:09:50.620031');
INSERT INTO blocks (id, site_id, page_id, type, position, row_id, content, styles, visible, width, created_at) VALUES ('sb1thkb7akomo1bp2gi', 'jc0hucpaynmo1bp2f9', 'su4oj948pk8mo1bp2gf', 'FEATURES', 3, NULL, '{title:Почему выбирают нас,subtitle:Мы создаём среду, в которой хочется тренироваться,items:[{icon:💪,title:Опытные тренеры,desc:КМС и мастера спорта. Персональные программы для каждого.},{icon:🏋️,title:Современный зал,desc:Новейшее оборудование. Полная замена воздуха каждый час.},{icon:📱,title:Приложение,desc:Отслеживайте прогресс, бронируйте занятия, связывайтесь с тренером.},{icon:🥗,title:Нутрициолог,desc:Индивидуальное питание. Анализ состава тела каждый месяц.},{icon:🛁,title:SPA-зона,desc:Сауна, джакузи и зона отдыха включены в абонемент.},{icon:⏰,title:Работаем 24/7,desc:Открыты в любое время — тренируйтесь когда удобно.}]}', '{bg:#0f0f23,textColor:#e2e8f0,columns:3}', 't', 100, '2026-04-16 10:14:57.715381');
INSERT INTO blocks (id, site_id, page_id, type, position, row_id, content, styles, visible, width, created_at) VALUES ('suk09bdvo1hmo06sfq3', 'bpvl5rer45umo06sfpk', 'k651zf06x1qmo06sfq0', 'CONTACTS', 8, NULL, '{title:Свяжитесь с нами,subtitle:Для сотрудничества и пресс-запросов,email:booking@label.com,phone:+7 (999) 000-00-00,address:Москва, Россия,telegram:@music_label}', '{bg:#0a0a14,textColor:#e2e8f0}', 't', 100, '2026-04-15 15:09:50.620031');
INSERT INTO blocks (id, site_id, page_id, type, position, row_id, content, styles, visible, width, created_at) VALUES ('t34oinnvb5pmo1bp2gi', 'jc0hucpaynmo1bp2f9', 'su4oj948pk8mo1bp2gf', 'HERO', 1, NULL, '{title:Измени себя. Начни сегодня.,subtitle:Профессиональные тренеры, современное оборудование, результат уже через месяц.,cta:Первое занятие бесплатно,ctaUrl:#,ctaSecondary:Смотреть расписание,ctaSecondaryUrl:#}', '{bg:linear-gradient(135deg, #0a0a1a, #1a2000),textColor:#ffffff,ctaColor:#16a34a}', 't', 100, '2026-04-16 10:14:57.715381');
INSERT INTO blocks (id, site_id, page_id, type, position, row_id, content, styles, visible, width, created_at) VALUES ('tqp412hdv1mosu1oms', 'epvgscd862wmostxro5', 'ums3wy0zuomostzoho', 'MUSIC_PLAYER', 2, NULL, '{title:Новый трек,artist:Исполнитель,coverUrl:,trackUrl:}', '{bg:#0f172a,textColor:#f1f5f9}', 't', 100, '2026-05-05 16:18:26.165022');
INSERT INTO blocks (id, site_id, page_id, type, position, row_id, content, styles, visible, width, created_at) VALUES ('utyrioyye7rmostxrpg', 'epvgscd862wmostxro5', 'rl3rmbtps3cmostxrp3', 'FOOTER', 7, NULL, '{logo:VOID RECORDS,tagline:Музыка без границ. Независимый лейбл с 2023 года.,links:[{label:Релизы,url:#discography},{label:Артисты,url:#team},{label:Контакты,url:#contacts},{label:Пресс-кит,url:#}],copyright:© 2026 VOID RECORDS. Все права защищены.,socials:[{platform:instagram,url:#},{platform:telegram,url:#},{platform:vk,url:#}]}', '{bg:#030310,textColor:#94a3b8,logoColor:#a855f7}', 't', 100, '2026-05-05 16:15:23.525324');
INSERT INTO blocks (id, site_id, page_id, type, position, row_id, content, styles, visible, width, created_at) VALUES ('uvkneabfq0rmo60ihf5', '7hjcc7jtk7umo60ihep', 'bkndayehypmo60ihf2', 'HERO', 1, NULL, '{title:Создайте что-то великое,subtitle:Профессиональный лендинг за минуты — без кода,cta:Начать бесплатно,ctaUrl:#,ctaSecondary:Узнать больше,ctaSecondaryUrl:#,bgImage:}', '{bg:#0a0a1a,textColor:#ffffff,ctaColor:#7C3AED,align:center,minHeight:90vh}', 't', 100, '2026-04-19 17:00:45.618614');
INSERT INTO blocks (id, site_id, page_id, type, position, row_id, content, styles, visible, width, created_at) VALUES ('uy2mq689i5mo19x8re', 'bpvl5rer45umo06sfpk', 'k651zf06x1qmo06sfq0', 'ZERO_BLOCK', 11, NULL, '{zeroElements:[{id:bprrgvnp,type:image,locked:false,zIndex:1,container:grid,desktop:{x:466,y:76,w:280,h:200,visible:true},content:{src:https://img.freepik.com/premium-vector/soft-pink-clouds-cutout-flat-vector-illustration_674398-2928.jpg?semt=ais_hybrid},styles:{color:#ffffff,fontSize:16,fontWeight:600,textAlign:left,bg:transparent,borderRadius:15,animTrigger:none,animEffect:fade,animDuration:600,animDelay:0,opacity:100}},{id:9s1177ol,type:text,locked:false,zIndex:2,container:grid,desktop:{x:439,y:338,w:320,h:60,visible:true},content:{text:Текст \nкакой-то},styles:{color:#ffffff,fontSize:18,fontWeight:400,textAlign:left,bg:transparent,borderRadius:0,animTrigger:none,animEffect:fade,animDuration:600,animDelay:0}}],zeroHeight:600,zeroBg:transparent,zeroGridCols:12,zeroGridGutter:24,zeroGridMargin:80,zeroShowGrid:true}', '{}', 't', 100, '2026-04-16 09:25:19.899146');
INSERT INTO blocks (id, site_id, page_id, type, position, row_id, content, styles, visible, width, created_at) VALUES ('v1esjr9jlyamostxrpg', 'epvgscd862wmostxro5', 'rl3rmbtps3cmostxrp3', 'HERO', 1, NULL, '{title:МЫ ДЕЛАЕМ МУЗЫКУ, КОТОРАЯ МЕНЯЕТ МИР,subtitle:VOID RECORDS — независимый лейбл нового поколения. Электронная музыка, хип-хоп и авангард без компромиссов.,cta:Слушать релизы,ctaUrl:#discography,ctaSecondary:Стать артистом,ctaSecondaryUrl:#contacts,bgImage:}', '{bg:linear-gradient(135deg, #050510 0%, #1a0533 50%, #0d0d2b 100%),textColor:#ffffff,ctaColor:#7c3aed,align:center,minHeight:95vh}', 't', 100, '2026-05-05 16:15:23.525324');
INSERT INTO blocks (id, site_id, page_id, type, position, row_id, content, styles, visible, width, created_at) VALUES ('vh2eyvykt2lmo1bp2gi', 'jc0hucpaynmo1bp2f9', 'su4oj948pk8mo1bp2gf', 'TESTIMONIALS', 7, NULL, '{title:Что говорят клиенты,subtitle:Тысячи предпринимателей уже используют наш сервис,items:[{text:Создал лендинг за 20 минут. Конверсия выросла на 40%!,author:Иван Петров,role:CEO, Startup.ru,avatar:},{text:Наконец-то конструктор, который не нужно изучать неделями.,author:Мария Смирнова,role:Фрилансер,avatar:},{text:Клиенты думают, что это ручная разработка. Я не говорю иначе.,author:Алексей Новиков,role:Digital-маркетолог,avatar:}]}', '{bg:#0f0f23,textColor:#cbd5e1}', 't', 100, '2026-04-16 10:14:57.715381');
INSERT INTO blocks (id, site_id, page_id, type, position, row_id, content, styles, visible, width, created_at) VALUES ('vpcxkqvuk1imosu2xjx', 'epvgscd862wmostxro5', 'u3ix6pc6lmsmostzpus', 'HEADER_MENU', 0, NULL, '{logo:Компания,links:[{label:Главная,url:#,active:true}],cta:Связаться,ctaUrl:#}', '{bg:#070711,textColor:#e2e8f0,ctaColor:#7C3AED}', 't', 100, '2026-05-05 16:19:24.381356');
INSERT INTO blocks (id, site_id, page_id, type, position, row_id, content, styles, visible, width, created_at) VALUES ('w3t6qkt9muemostxrpg', 'epvgscd862wmostxro5', 'rl3rmbtps3cmostxrp3', 'HEADER_MENU', 0, NULL, '{logo:VOID RECORDS,links:[{label:Главная,url:index},{label:Релизы,url:releases},{label:Артисты,url:artists},{label:О нас,url:about}],cta:Слушать,ctaUrl:#player}', '{bg:#050510,textColor:#e2e8f0,logoColor:#a855f7,ctaColor:#7c3aed,cartIcon:bag,cartBadgeColor:#a855f7}', 't', 100, '2026-05-05 16:15:23.525324');
INSERT INTO blocks (id, site_id, page_id, type, position, row_id, content, styles, visible, width, created_at) VALUES ('wkst74i424mosu2y09', 'epvgscd862wmostxro5', 'u3ix6pc6lmsmostzpus', 'CTA', 4, NULL, '{title:Готовы создать сайт мечты?,subtitle:Первый сайт — бесплатно.,cta:Начать бесплатно,ctaUrl:#}', '{bg:linear-gradient(135deg, #7C3AED, #4F46E5),textColor:#ffffff}', 't', 100, '2026-05-05 16:19:24.969945');
INSERT INTO blocks (id, site_id, page_id, type, position, row_id, content, styles, visible, width, created_at) VALUES ('y8qd1lpmh9rmossjg67', 'bpvl5rer45umo06sfpk', 'zht4n4y1kimossjc34', 'TEXT', 1, NULL, '{title:Заголовок блока,body:Здесь будет ваш текст.}', '{bg:#0f0f23,textColor:#e2e8f0,align:left}', 't', 100, '2026-05-05 15:36:15.775728');
INSERT INTO blocks (id, site_id, page_id, type, position, row_id, content, styles, visible, width, created_at) VALUES ('znhisrf9hp7mo60ihf5', '7hjcc7jtk7umo60ihep', 'bkndayehypmo60ihf2', 'STATS', 3, NULL, '{title:В цифрах,subtitle:Результаты, которыми мы гордимся,items:[{value:10K+,label:Довольных клиентов,icon:Users},{value:99.9%,label:Uptime,icon:Server},{value:24/7,label:Поддержка,icon:Headphones},{value:150+,label:Стран мира,icon:Globe}]}', '{bg:#0a0a1a,textColor:#ffffff}', 't', 100, '2026-04-19 17:00:45.618614');
ALTER TABLE blocks ENABLE TRIGGER ALL;

-- ---- notifications (9 строк) ----
ALTER TABLE notifications DISABLE TRIGGER ALL;
INSERT INTO notifications (id, user_id, type, title, message, read, created_at) VALUES (1, 'x261fb8h3xamo06tekp', 'moderation', 'Новое обращение в поддержку', 'Данил Колбасенко создал(а) заявку TICK-VFSIQK: error', 't', '2026-04-15 15:11:42.442015');
INSERT INTO notifications (id, user_id, type, title, message, read, created_at) VALUES (2, '19lguk5vsfomo06lka5', 'warning', 'Техническое обслуживание', 'Плановые технические работы запланированы. Сервис может быть временно недоступен.', 't', '2026-04-15 15:13:17.312038');
INSERT INTO notifications (id, user_id, type, title, message, read, created_at) VALUES (3, 'x261fb8h3xamo06tekp', 'warning', 'Техническое обслуживание', 'Плановые технические работы запланированы. Сервис может быть временно недоступен.', 't', '2026-04-15 15:13:17.312038');
INSERT INTO notifications (id, user_id, type, title, message, read, created_at) VALUES (4, '5ip1qqekexbmo06ud34', 'warning', 'Техническое обслуживание', 'Плановые технические работы запланированы. Сервис может быть временно недоступен.', 't', '2026-04-15 15:13:17.312038');
INSERT INTO notifications (id, user_id, type, title, message, read, created_at) VALUES (5, 'x261fb8h3xamo06tekp', 'moderation', 'Новое обращение в поддержку', 'Данил Коваленко создал(а) заявку TICK-TUYR5W: Вопрос', 't', '2026-04-16 10:13:48.626734');
INSERT INTO notifications (id, user_id, type, title, message, read, created_at) VALUES (6, '19lguk5vsfomo06lka5', 'moderation', 'Сайт заморожен', 'Ваш сайт «gagashka» был заморожен модератором. Причина: Нарушение авторских прав. Сайт недоступен для посетителей до разморозки.', 't', '2026-04-16 10:14:31.88923');
INSERT INTO notifications (id, user_id, type, title, message, read, created_at) VALUES (7, '19lguk5vsfomo06lka5', 'success', 'Сайт разморожен', 'Ваш сайт «gagashka» был разморожен. Сайт снова доступен.', 't', '2026-04-16 10:14:45.677674');
INSERT INTO notifications (id, user_id, type, title, message, read, created_at) VALUES (8, 'x261fb8h3xamo06tekp', 'moderation', 'Сайт заморожен', 'Ваш сайт «сайт» был заморожен модератором. Причина: Нарушение пользовательского соглашения. Сайт недоступен для посетителей до разморозки.', 't', '2026-04-16 10:15:17.407145');
INSERT INTO notifications (id, user_id, type, title, message, read, created_at) VALUES (9, 'x261fb8h3xamo06tekp', 'success', 'Сайт разморожен', 'Ваш сайт «сайт» был разморожен. Сайт снова доступен.', 't', '2026-04-16 10:15:57.790693');
ALTER TABLE notifications ENABLE TRIGGER ALL;

-- ---- chat_messages (4 строк) ----
ALTER TABLE chat_messages DISABLE TRIGGER ALL;
INSERT INTO chat_messages (id, from_user_id, to_user_id, message, image_url, ticket_id, read, created_at) VALUES (2, 'x261fb8h3xamo06tekp', '5ip1qqekexbmo06ud34', 'Ваша заявка **TICK-VFSIQK** принята и находится в обработке. Специалист свяжется с вами в ближайшее время. Спасибо за обращение!', NULL, 'TICK-VFSIQK', 't', '2026-04-15 15:11:42.438334');
INSERT INTO chat_messages (id, from_user_id, to_user_id, message, image_url, ticket_id, read, created_at) VALUES (4, 'x261fb8h3xamo06tekp', 'x261fb8h3xamo06tekp', 'Ваша заявка **TICK-TUYR5W** принята и находится в обработке. Специалист свяжется с вами в ближайшее время. Спасибо за обращение!', NULL, 'TICK-TUYR5W', 't', '2026-04-16 10:13:48.62167');
ALTER TABLE chat_messages ENABLE TRIGGER ALL;

-- ---- form_submissions (4 строк) ----
ALTER TABLE form_submissions DISABLE TRIGGER ALL;
INSERT INTO form_submissions (id, site_id, block_id, form_title, data, submitter_ip, created_at) VALUES (1, 'bpvl5rer45umo06sfpk', 'order', 'Заказ товаров', '{№ заказа:#T9XAO,Имя:Иван Иванов,Телефон:+79518393450,Email:danil_kovalenko_20041@mail.ru,Доставка:Курьер,Оплата:Картой,Адрес:—,Состав заказа:Товар 1 ×1 = 1 200 ₽,Итого:1 200 ₽}', '46.147.99.249', '2026-04-15 20:48:20.361771');
INSERT INTO form_submissions (id, site_id, block_id, form_title, data, submitter_ip, created_at) VALUES (2, 'bpvl5rer45umo06sfpk', 'order', 'Заказ товаров', '{№ заказа:#EXDWP,Имя:Иван Иванов,Телефон:+79518393450,Email:danil_kovalenko_20041@mail.ru,Доставка:Курьер,Оплата:Картой,Адрес:—,Состав заказа:Товар 1 ×1 = 1 200 ₽\nТовар 2 ×1 = 2 800 ₽,Итого:4 000 ₽}', '46.147.99.249', '2026-04-15 20:48:45.484568');
INSERT INTO form_submissions (id, site_id, block_id, form_title, data, submitter_ip, created_at) VALUES (3, 'bpvl5rer45umo06sfpk', 'order', 'Заказ товаров', '{№ заказа:#1S2NJ,Имя:Иван Иванов,Телефон:+79518393450,Email:danil.cowalenko.2004@gmail.com,Доставка:Курьер,Оплата:Картой,Адрес:—,Состав заказа:Товар 1 ×1 = 1 200 ₽,Итого:1 200 ₽}', '46.147.99.249', '2026-04-16 10:21:00.815353');
INSERT INTO form_submissions (id, site_id, block_id, form_title, data, submitter_ip, created_at) VALUES (4, 'bpvl5rer45umo06sfpk', 'order', 'Заказ товаров', '{№ заказа:#BUL3J,Имя:Иван Иванов,Телефон:+79518393450,Email:danil.cowalenko.2004@gmail.com,Доставка:Курьер,Оплата:Картой,Адрес:—,Состав заказа:Товар 1 ×1 = 1 200 ₽,Итого:1 200 ₽}', '46.147.100.114', '2026-04-22 17:02:35.534368');
ALTER TABLE form_submissions ENABLE TRIGGER ALL;

-- ---- site_analytics (0 строк) ----
-- (нет данных)

-- ============================================================
-- Сброс последовательностей
-- ============================================================

SELECT setval('notifications_id_seq', COALESCE((SELECT MAX(id) FROM notifications), 1), true);
SELECT setval('chat_messages_id_seq', COALESCE((SELECT MAX(id) FROM chat_messages), 1), true);
SELECT setval('form_submissions_id_seq', COALESCE((SELECT MAX(id) FROM form_submissions), 1), true);
SELECT setval('site_analytics_id_seq', COALESCE((SELECT MAX(id) FROM site_analytics), 1), true);

-- ============================================================
-- Дамп завершён
-- ============================================================
